"STATDISPID","name"
"0003000775","15歳以上就業者数"
"0003000776","15歳以上就業者数"
"0003000777","15歳以上就業者数"
"0003000778","15歳以上就業者数"
"0003000779","15歳以上就業者数"
"0003000780","15歳以上就業者数"
"0003000781","15歳以上就業者数"
"0003000782","15歳以上就業者数"
"0003000783","15歳以上就業者数"
"0003000784","15歳以上就業者数"
"0003000785","平均週間就業時間"
"0003000785","延べ週間就業時間"
"0003000786","15歳以上就業者数"
"0003000787","平均週間就業時間"
"0003000787","延べ週間就業時間"
"0003000788","15歳以上人口"
"0003000789","平均年齢"
"0003000790","15歳以上人口"
"0003000791","一般世帯数"
"0003000791","一般世帯人員"
"0003000792","世帯主の平均年齢"
"0003005653","15歳以上就業者数"
"0003005654","15歳以上就業者数"
"0003005655","15歳以上就業者数"
"0003005656","15歳以上就業者数"
"0003005657","平均年齢"
"0003005658","15歳以上就業者数"
"0003005659","15歳以上就業者数"
"0003005660","15歳以上就業者数"
"0003005661","15歳以上就業者数"
"0003005662","15歳以上就業者数"
"0003005663","平均年齢"
"0003005664","15歳以上就業者数"
"0003005665","15歳以上就業者数"
"0003005666","15歳以上就業者数"
"0003005667","15歳以上就業者数"
"0003005668","平均週間就業時間"
"0003005668","延べ週間就業時間"
"0003005669","15歳以上就業者数"
"0003005670","平均週間就業時間"
"0003005670","延べ週間就業時間"
"0003005671","15歳以上人口"
"0003005672","平均年齢"
"0003005673","一般世帯数"
"0003005673","一般世帯人員"
"0003005674","世帯主の平均年齢"
"0003005921","15歳以上就業者数"
"0003005937","15歳以上就業者数"
"0003005957","15歳以上就業者数"
"0003005958","15歳以上就業者数"
"0003005959","15歳以上就業者数"
"0003005967","15歳以上就業者数"
"0003006319","15歳以上就業者数"
"0003010947","15歳以上就業者数"
"0003010956","15歳以上就業者数"
"0003010959","15歳以上就業者数"
"0003010963","15歳以上就業者数"
"0003010967","15歳以上就業者数"
"0003010969","15歳以上就業者数"
"0003010972","15歳以上就業者数"
"0003024285","15歳以上就業者数"
"0003024286","15歳以上就業者数"
"0003024287","15歳以上就業者数"
"0003024288","15歳以上就業者数"
"0003024289","15歳以上就業者数"
"0003024291","15歳以上就業者数"
"0003024292","15歳以上就業者数"
"0003027499","15歳以上就業者数"
"0003032037","一般世帯数"
"0003032037","6歳未満世帯員のいる一般世帯数"
"0003032037","12歳未満世帯員のいる一般世帯数"
"0003032037","15歳未満世帯員のいる一般世帯数"
"0003032037","18歳未満世帯員のいる一般世帯数"
"0003032037","20歳未満世帯員のいる一般世帯数"
"0003032038","一般世帯数"
"0003032038","一般世帯人員"
"0003032039","一般世帯人員"
"0003032040","一般世帯数"
"0003032040","一般世帯人員"
"0003032040","65歳以上世帯員がいる一般世帯数"
"0003032040","65歳以上世帯員がいる一般世帯人員"
"0003032040","65歳以上世帯人員"
"0003032040","75歳以上世帯員のいる一般世帯数"
"0003032040","75歳以上世帯員のいる一般世帯人員"
"0003032040","75歳以上世帯人員"
"0003032040","85歳以上世帯員のいる一般世帯数"
"0003032040","85歳以上世帯員のいる一般世帯人員"
"0003032040","85歳以上世帯人員"
"0003032041","外国人のいる一般世帯数"
"0003032041","外国人のいる一般世帯人員"
"0003032041","外国人人員"
"0003032042","15歳以上外国人数"
"0003032042","15歳以上総人口"
"0003032042","15歳以上日本人"
"0003032045","男親と子供から成る核家族世帯数"
"0003032045","男親と子供から成る核家族世帯人員"
"0003032045","女親と子供から成る核家族世帯数"
"0003032045","女親と子供から成る核家族世帯人員"
"0003032046","15歳以上70歳未満日本人女性数"
"0003032046","20歳以下同居児数"
"0003032046","日本人女性1人当たり20歳以下同居児数"
"0003032047","15歳以上70歳未満日本人女性数"
"0003032047","20歳以下同居児数"
"0003032047","日本人女性1人当たり20歳以下同居児数"
"0003032048","15歳以上70歳未満日本人女性数"
"0003032048","20歳以下同居児数"
"0003032048","日本人女性1人当たり20歳以下同居児数"
"0003032049","15歳以上70歳未満日本人既婚女性数"
"0003032049","20歳以下同居児数"
"0003032049","日本人既婚女性1人当たり20歳以下同居児数"
"0003032050","15歳以上70歳未満日本人既婚女性数"
"0003032050","20歳以下同居児数"
"0003032050","日本人既婚女性1人当たり20歳以下同居児数"
"0003032051","20歳以下同居児数"
"0003032309","一般世帯数"
"0003032309","一般世帯人員"
"0003032729","夫婦のいる一般世帯数"
"0003032729","夫婦のいる一般世帯人員"
"0003032730","夫婦のいる一般世帯数"
"0003032730","夫婦のいる一般世帯人員"
"0003033021","人口"
"0003033022","人口"
"0003033023","15歳以上人口"
"0003033024","15歳以上人口"
"0003033025","15歳以上人口"
"0003033026","15歳以上人口"
"0003033027","15歳以上就業者数"
"0003033028","15歳以上就業者数"
"0003033029","15歳以上就業者数"
"0003033030","15歳以上就業者数"
"0003033031","15歳以上就業者数"
"0003033032","15歳以上就業者数"
"0003033033","15歳以上就業者数"
"0003033034","15歳以上就業者数"
"0003033035","15歳以上就業者数"
"0003033036","15歳以上就業者数"
"0003033037","人口"
"0003033038","15歳以上人口"
"0003033039","夫婦のいる一般世帯数"
"0003033039","夫婦のいる一般世帯人員"
"0003033040","一般世帯数"
"0003033040","一般世帯人員"
"0003033040","6歳未満世帯員のいる一般世帯数"
"0003033040","6歳未満世帯員のいる一般世帯人員"
"0003033040","6歳未満世帯人員"
"0003033040","18歳未満世帯員のいる一般世帯数"
"0003033040","18歳未満世帯員のいる一般世帯人員"
"0003033040","18歳未満世帯人員"
"0003033040","65歳以上世帯員がいる一般世帯数"
"0003033040","65歳以上世帯員がいる一般世帯人員"
"0003033040","65歳以上世帯人員"
"0003033040","75歳以上世帯員のいる一般世帯数"
"0003033040","75歳以上世帯員のいる一般世帯人員"
"0003033040","75歳以上世帯人員"
"0003033040","85歳以上世帯員のいる一般世帯数"
"0003033040","85歳以上世帯員のいる一般世帯人員"
"0003033040","85歳以上世帯人員"
"0003033041","一般世帯数"
"0003033041","一般世帯人員"
"0003033041","6歳未満世帯員のいる一般世帯数"
"0003033041","6歳未満世帯員のいる一般世帯人員"
"0003033041","6歳未満世帯人員"
"0003033041","18歳未満世帯員のいる一般世帯数"
"0003033041","18歳未満世帯員のいる一般世帯人員"
"0003033041","18歳未満世帯人員"
"0003033041","65歳以上世帯員がいる一般世帯数"
"0003033041","65歳以上世帯員がいる一般世帯人員"
"0003033041","65歳以上世帯人員"
"0003033041","75歳以上世帯員のいる一般世帯数"
"0003033041","75歳以上世帯員のいる一般世帯人員"
"0003033041","75歳以上世帯人員"
"0003033041","85歳以上世帯員のいる一般世帯数"
"0003033041","85歳以上世帯員のいる一般世帯人員"
"0003033041","85歳以上世帯人員"
"0003033042","世帯人員"
"0003033044","一般世帯数"
"0003033044","一般世帯人員"
"0003033044","1世帯当たり人員"
"0003033045","一般世帯数"
"0003033045","一般世帯人員"
"0003033045","うち住宅に住む一般世帯数"
"0003033045","うち住宅に住む一般世帯人員"
"0003033046","一般世帯数"
"0003033046","うち住宅に住む一般世帯数"
"0003033047","人口"
"0003033047","15歳以上就業者数"
"0003033048","15歳以上自宅外就業者・15歳以上通学者"
"0003033048","15歳以上自宅外就業者数"
"0003033048","15歳以上通学者数"
"0003033048","(再掲)15歳未満通学者を含む通学者"
"0003033049","15歳以上就業者数"
"0003033050","15歳以上自宅外就業者・15歳以上通学者"
"0003033051","人口"
"0003033052","人口"
"0003033053","人口"
"0003033054","人口"
"0003033055","人口"
"0003036611","20歳以下同居児数"
"0003038586","人口"
"0003038586","組替人口（平成17年）"
"0003038586","平成17年～22年の人口増減数"
"0003038586","平成17年～22年の人口増減率"
"0003038586","面積"
"0003038586","人口密度"
"0003038588","人口"
"0003038590","人口"
"0003038591","人口"
"0003038592","15歳以上人口"
"0003038593","15歳以上人口"
"0003038594","世帯人員"
"0003038596","世帯人員"
"0003038597","世帯人員"
"0003038598","一般世帯数"
"0003038598","一般世帯人員"
"0003038598","6歳未満世帯員のいる一般世帯数"
"0003038598","6歳未満世帯員のいる一般世帯人員"
"0003038598","6歳未満世帯人員"
"0003038598","18歳未満世帯員のいる一般世帯数"
"0003038598","18歳未満世帯員のいる一般世帯人員"
"0003038598","18歳未満世帯人員"
"0003038599","一般世帯数"
"0003038599","一般世帯人員"
"0003038599","6歳未満世帯員のいる一般世帯数"
"0003038599","6歳未満世帯員のいる一般世帯人員"
"0003038599","6歳未満世帯人員"
"0003038599","18歳未満世帯員のいる一般世帯数"
"0003038599","18歳未満世帯員のいる一般世帯人員"
"0003038599","18歳未満世帯人員"
"0003038599","3世代世帯数"
"0003038599","3世代世帯人員"
"0003038600","一般世帯数"
"0003038600","6歳未満世帯員のいる一般世帯数"
"0003038600","12歳未満世帯員のいる一般世帯数"
"0003038600","15歳未満世帯員のいる一般世帯数"
"0003038600","18歳未満世帯員のいる一般世帯数"
"0003038600","20歳未満世帯員のいる一般世帯数"
"0003038601","一般世帯数"
"0003038601","一般世帯人員"
"0003038602","一般世帯数"
"0003038602","一般世帯人員"
"0003038603","一般世帯人員"
"0003038604","一般世帯人員"
"0003038605","一般世帯人員"
"0003038606","一般世帯人員"
"0003038607","夫婦数"
"0003038608","一般世帯数"
"0003038608","一般世帯人員"
"0003038608","1世帯当たり人員"
"0003038610","一般世帯数"
"0003038610","一般世帯人員"
"0003038610","1世帯当たり人員"
"0003038611","一般世帯数"
"0003038611","一般世帯人員"
"0003038611","1世帯当たり人員"
"0003038612","共同住宅に住む一般世帯数"
"0003038614","一般世帯人員"
"0003038615","一般世帯数"
"0003038615","一般世帯人員"
"0003038616","一般世帯数"
"0003038616","一般世帯人員"
"0003038617","一般世帯数"
"0003038617","一般世帯人員"
"0003038618","一般世帯数"
"0003038618","一般世帯人員"
"0003038619","一般世帯数"
"0003038619","一般世帯人員"
"0003038620","一般世帯数"
"0003038620","一般世帯人員"
"0003038621","一般世帯数"
"0003038621","一般世帯人員"
"0003038622","一般世帯数"
"0003038622","一般世帯人員"
"0003038623","一般世帯数"
"0003038623","一般世帯人員"
"0003038624","一般世帯数"
"0003038624","一般世帯人員"
"0003038624","65歳以上世帯人員"
"0003038625","一般世帯数"
"0003038625","一般世帯人員"
"0003038625","65歳以上世帯人員"
"0003038626","一般世帯数"
"0003038626","一般世帯人員"
"0003038626","65歳以上世帯人員"
"0003038626","75歳以上世帯員のいる一般世帯数"
"0003038626","75歳以上世帯員のいる一般世帯人員"
"0003038626","75歳以上世帯人員"
"0003038626","85歳以上世帯員のいる一般世帯数"
"0003038626","85歳以上世帯員のいる一般世帯人員"
"0003038626","85歳以上世帯人員"
"0003038627","一般世帯数"
"0003038627","一般世帯人員"
"0003038627","65歳以上世帯人員"
"0003038627","75歳以上世帯員のいる一般世帯数"
"0003038627","75歳以上世帯員のいる一般世帯人員"
"0003038627","75歳以上世帯人員"
"0003038627","85歳以上世帯員のいる一般世帯数"
"0003038627","85歳以上世帯員のいる一般世帯人員"
"0003038627","85歳以上世帯人員"
"0003038628","一般世帯数"
"0003038628","一般世帯人員"
"0003038628","65歳以上世帯人員"
"0003038629","一般世帯数"
"0003038629","一般世帯人員"
"0003038629","1世帯当たり人員"
"0003038629","65歳以上世帯員がいる一般世帯数"
"0003038629","65歳以上世帯員がいる一般世帯人員"
"0003038629","65歳以上世帯人員"
"0003038629","65歳以上世帯員がいる一般世帯の1世帯当たり人員"
"0003038631","一般世帯数"
"0003038632","一般世帯数"
"0003038633","一般世帯数"
"0003038633","一般世帯人員"
"0003038633","1世帯当たり人員"
"0003038633","65歳以上世帯員がいる一般世帯数"
"0003038633","65歳以上世帯員がいる一般世帯人員"
"0003038633","65歳以上世帯人員"
"0003038633","65歳以上世帯員がいる一般世帯の1世帯当たり人員"
"0003038635","夫婦のみの世帯数"
"0003038636","夫婦のみの世帯数"
"0003038637","夫婦のみの世帯数"
"0003038638","夫婦のみの世帯数"
"0003038639","人口"
"0003038640","人口"
"0003038641","15歳以上人口"
"0003038642","外国人のいる一般世帯数"
"0003038642","外国人のいる一般世帯人員"
"0003038642","外国人人員"
"0003038643","外国人のいる一般世帯数"
"0003038643","外国人のいる一般世帯人員"
"0003038643","1世帯当たり人員"
"0003039915","人口"
"0003039916","世帯人員"
"0003039917","一般世帯数"
"0003039917","一般世帯人員"
"0003039918","一般世帯人員"
"0003039919","一般世帯人員"
"0003039921","夫婦数"
"0003041389","人口"
"0003041391","一般世帯数"
"0003041391","一般世帯人員"
"0003041391","1世帯当たり人員"
"0003041392","一般世帯数"
"0003041392","一般世帯人員"
"0003041392","1世帯当たり人員"
"0003041392","65歳以上世帯員がいる一般世帯数"
"0003041392","65歳以上世帯員がいる一般世帯人員"
"0003041392","65歳以上世帯人員"
"0003041392","65歳以上世帯員がいる一般世帯の1世帯当たり人員"
"0003041393","一般世帯数"
"0003041393","一般世帯人員"
"0003041393","1世帯当たり人員"
"0003041393","65歳以上世帯員がいる一般世帯数"
"0003041393","65歳以上世帯員がいる一般世帯人員"
"0003041393","65歳以上世帯人員"
"0003041393","65歳以上世帯員がいる一般世帯の1世帯当たり人員"
"0003042451","母子世帯数（他の世帯員のいる世帯を含む）"
"0003042451","母子世帯人員（他の世帯員のいる世帯を含む）"
"0003042452","1世帯当たり子供の数"
"0003042453","父子世帯数（他の世帯員のいる世帯を含む）"
"0003042453","父子世帯人員（他の世帯員のいる世帯を含む）"
"0003042454","1世帯当たり子供の数"
"0003046138","人口"
"0003046139","人口"
"0003046140","人口"
"0003046141","人口"
"0003046142","人口"
"0003046143","人口"
"0003046144","人口"
"0003046145","人口"
"0003046146","人口"
"0003046147","人口"
"0003046148","人口"
"0003046148","5歳以上人口"
"0003046149","人口"
"0003046149","5歳以上人口"
"0003046150","人口"
"0003046150","5歳以上人口"
"0003046151","人口"
"0003046151","5歳以上人口"
"0003046152","人口"
"0003046152","5歳以上人口"
"0003046153","人口"
"0003046153","5歳以上人口"
"0003046154","人口"
"0003046155","人口"
"0003046156","人口"
"0003046157","人口"
"0003046158","人口"
"0003046159","一般世帯人員"
"0003046160","一般世帯人員"
"0003046161","一般世帯数"
"0003046161","一般世帯人員"
"0003046161","5歳以上一般世帯人員"
"0003046162","一般世帯数"
"0003046162","一般世帯人員"
"0003046162","5歳以上一般世帯人員"
"0003046163","一般世帯数"
"0003046163","一般世帯人員"
"0003046163","5歳以上一般世帯人員"
"0003046164","一般世帯数"
"0003046164","一般世帯人員"
"0003046164","5歳以上一般世帯人員"
"0003046165","一般世帯数"
"0003046165","一般世帯人員"
"0003046165","5歳以上一般世帯人員"
"0003046166","一般世帯数"
"0003046166","一般世帯人員"
"0003046166","5歳以上一般世帯人員"
"0003046167","一般世帯数"
"0003046167","一般世帯人員"
"0003046167","5歳以上一般世帯人員"
"0003046168","一般世帯数"
"0003046168","一般世帯人員"
"0003046168","5歳以上一般世帯人員"
"0003046169","一般世帯人員"
"0003046169","5歳以上一般世帯人員"
"0003046170","一般世帯人員"
"0003046170","5歳以上一般世帯人員"
"0003046171","施設等の世帯人員"
"0003046172","施設等の世帯人員"
"0003052120","15歳以上人口"
"0003052121","15歳以上人口"
"0003052122","15歳以上人口"
"0003052123","15歳以上人口"
"0003052124","15歳以上就業者数"
"0003052125","15歳以上就業者数"
"0003052126","15歳以上就業者数"
"0003052126","単独世帯・自衛隊営舎内居住者の単独有配偶者"
"0003052127","15歳以上就業者数"
"0003052128","15歳以上就業者数"
"0003052129","15歳以上就業者数"
"0003052130","人口"
"0003052131","15歳以上就業者数"
"0003052132","一般世帯数"
"0003052132","一般世帯人員"
"0003052133","15歳以上人口"
"0003052134","15歳以上人口"
"0003052135","15歳以上人口"
"0003052136","15歳以上就業者数"
"0003052139","15歳以上一般世帯人員"
"0003052140","15歳以上世帯人員"
"0003052141","15歳以上一般世帯人員"
"0003052142","15歳以上一般世帯人員"
"0003052143","夫婦のいる一般世帯数"
"0003052143","夫婦のいる一般世帯人員"
"0003052144","夫婦のいる一般世帯数"
"0003052144","夫婦のいる一般世帯人員"
"0003052145","夫婦のいる一般世帯数"
"0003052145","夫婦のいる一般世帯人員"
"0003052146","子供の数"
"0003052146","子供のいる一般世帯数"
"0003052147","夫婦のいる一般世帯数"
"0003052147","夫婦のいる一般世帯人員"
"0003052148","夫婦のいる一般世帯数"
"0003052148","夫婦のいる一般世帯人員"
"0003052149","男親と子供から成る核家族世帯数"
"0003052149","男親と子供から成る核家族世帯人員"
"0003052149","女親と子供から成る核家族世帯数"
"0003052149","女親と子供から成る核家族世帯人員"
"0003052150","夫婦のいる一般世帯数"
"0003052150","夫婦のいる一般世帯人員"
"0003052151","子供の数"
"0003052152","子供のいる一般世帯数"
"0003052153","夫婦数"
"0003052154","夫婦数"
"0003052155","夫婦数"
"0003052156","夫婦のみの世帯数"
"0003052157","世帯数"
"0003052157","世帯人員"
"0003052157","１世帯当たり子供の数"
"0003052158","世帯数"
"0003052158","世帯人員"
"0003052158","１世帯当たり子供の数"
"0003052159","世帯数"
"0003052159","世帯人員"
"0003052159","1世帯当たり人員"
"0003052160","母子世帯数"
"0003052160","母子世帯人員"
"0003052160","母子世帯数（他の世帯員のいる世帯を含む）"
"0003052160","母子世帯人員（他の世帯員のいる世帯を含む）"
"0003052161","世帯数"
"0003052161","世帯人員"
"0003052161","１世帯当たり子供の数"
"0003052162","世帯数"
"0003052162","世帯人員"
"0003052162","１世帯当たり子供の数"
"0003052163","世帯数"
"0003052163","世帯人員"
"0003052163","1世帯当たり人員"
"0003052164","父子世帯数"
"0003052164","父子世帯人員"
"0003052164","父子世帯数（他の世帯員のいる世帯を含む）"
"0003052164","父子世帯人員（他の世帯員のいる世帯を含む）"
"0003052165","一般世帯数"
"0003052166","一般世帯人員"
"0003052169","一般世帯数"
"0003052169","一般世帯人員"
"0003052170","一般世帯数"
"0003052170","一般世帯人員"
"0003052171","一般世帯数"
"0003052172","15歳以上外国人数"
"0003052172","15歳以上総人口"
"0003052172","15歳以上日本人"
"0003052173","15歳以上人口"
"0003052174","15歳以上外国人就業者数"
"0003052174","15歳以上総就業者数"
"0003052174","15歳以上日本人就業者数"
"0003052175","15歳以上就業者数"
"0003052176","15歳以上外国人数"
"0003052176","15歳以上総人口"
"0003052176","15歳以上日本人"
"0003059576","男親と子供から成る核家族世帯数"
"0003059576","男親と子供から成る核家族世帯人員"
"0003059576","女親と子供から成る核家族世帯数"
"0003059576","女親と子供から成る核家族世帯人員"
"0003059577","母子世帯数"
"0003059577","母子世帯人員"
"0003059577","母子世帯数（他の世帯員のいる世帯を含む）"
"0003059577","母子世帯人員（他の世帯員のいる世帯を含む）"
"0003059578","父子世帯数"
"0003059578","父子世帯人員"
"0003059578","父子世帯数（他の世帯員のいる世帯を含む）"
"0003059578","父子世帯人員（他の世帯員のいる世帯を含む）"
"0003059579","15歳以上人口"
"0003059580","15歳以上就業者数"
"0003059581","15歳以上人口"
"0003063756","人口"
"0003063757","人口"
"0003063758","15歳以上就業者・15歳以上通学者数"
"0003063758","15歳以上就業者数"
"0003063758","15歳以上通学者数"
"0003063758","(再掲)15歳未満通学者を含む通学者"
"0003063759","15歳以上就業者・15歳以上通学者数"
"0003063759","15歳以上就業者数"
"0003063759","15歳以上通学者数"
"0003063759","(再掲)15歳未満通学者を含む通学者"
"0003063760","15歳以上就業者・15歳以上通学者数"
"0003063760","15歳以上就業者数"
"0003063760","15歳以上通学者数"
"0003063760","(再掲)15歳未満通学者を含む通学者"
"0003063761","15歳以上就業者・15歳以上通学者数"
"0003063761","15歳以上就業者数"
"0003063761","15歳以上通学者数"
"0003063761","(再掲)15歳未満通学者を含む通学者"
"0003063762","15歳以上就業者・15歳以上通学者数"
"0003063762","15歳以上就業者数"
"0003063762","15歳以上通学者数"
"0003063762","(再掲)15歳未満通学者を含む通学者"
"0003063763","15歳以上就業者・15歳以上通学者数"
"0003063763","15歳以上就業者数"
"0003063763","15歳以上通学者数"
"0003063763","(再掲)15歳未満通学者を含む通学者"
"0003063764","15歳以上就業者・15歳以上通学者数"
"0003063764","15歳以上就業者数"
"0003063764","15歳以上通学者数"
"0003063764","(再掲)15歳未満通学者を含む通学者"
"0003063765","15歳以上自宅外就業者・15歳以上通学者"
"0003063766","15歳以上自宅外就業者・15歳以上通学者"
"0003063767","15歳以上就業者数"
"0003063768","15歳以上就業者数"
"0003063769","15歳以上就業者数"
"0003063770","15歳以上就業者数"
"0003063771","15歳以上就業者数"
"0003063772","15歳以上就業者数"
"0003063773","15歳以上就業者数"
"0003063773","（再掲）雇用者（役員を含む）"
"0003063774","15歳以上自宅外就業者・15歳以上通学者"
"0003063775","15歳以上自宅外就業者・15歳以上通学者"
"0003063776","15歳以上自宅外就業者・15歳以上通学者"
"0003063777","15歳以上自宅外就業者・15歳以上通学者"
"0003063778","15歳以上自宅外就業者・15歳以上通学者"
"0003063779","15歳以上自宅外就業者・15歳以上通学者"
"0003063780","15歳以上自宅外就業者・15歳以上通学者"
"0003063781","15歳以上自宅外就業者・15歳以上通学者"
"0003063782","15歳以上自宅外就業者・15歳以上通学者"
"0003063783","15歳以上自宅外就業者・15歳以上通学者"
"0003063784","15歳以上自宅外就業者・15歳以上通学者"
"0003063785","15歳以上自宅外就業者・15歳以上通学者"
"0003064674","人口"
"0003064674","15歳以上就業者数"
"0003064674","5歳以上人口"
"0003064675","人口"
"0003064675","15歳以上就業者数"
"0003064675","5歳以上人口"
"0003064676","人口"
"0003064676","15歳以上就業者数"
"0003064676","5歳以上人口"
"0003064677","人口"
"0003064677","15歳以上就業者数"
"0003064677","5歳以上人口"
"0003064678","15歳以上人口"
"0003064679","15歳以上人口"
"0003064680","15歳以上人口"
"0003064681","15歳以上人口"
"0003064682","15歳以上人口"
"0003064683","15歳以上人口"
"0003064684","15歳以上人口"
"0003064685","15歳以上人口"
"0003064686","15歳以上人口"
"0003064687","15歳以上人口"
"0003064688","15歳以上人口"
"0003064689","15歳以上人口"
"0003064690","人口"
"0003064690","5歳以上人口"
"0003064691","人口"
"0003064691","5歳以上人口"
"0003064692","人口"
"0003064692","5歳以上人口"
"0003064693","人口"
"0003064693","5歳以上人口"
"0003064694","人口"
"0003064694","5歳以上人口"
"0003064695","人口"
"0003064695","5歳以上人口"
"0003064696","人口"
"0003064696","5歳以上人口"
"0003064697","人口"
"0003064697","5歳以上人口"
"0003064698","人口"
"0003064699","人口"
"0003064700","人口"
"0003064701","人口"
"0003067217","15歳以上就業者数"
"0003067218","15歳以上就業者数"
"0003067218","単独世帯・自衛隊営舎内居住者の単独有配偶者"
"0003067219","15歳以上就業者数"
"0003067220","15歳以上就業者数"
"0003067221","15歳以上就業者数"
"0003067222","15歳以上就業者数"
"0003067223","15歳以上就業者数"
"0003067224","15歳以上就業者数"
"0003067225","一般世帯数"
"0003067225","一般世帯人員"
"0003067226","一般世帯数"
"0003067226","一般世帯人員"
"0003067227","15歳以上就業者数"
"0003067228","15歳以上一般世帯人員"
"0003067229","夫婦数"
"0003067230","母が就業している母子世帯数"
"0003067230","母が就業している母子世帯人員"
"0003067230","母が就業している母子世帯数（他の世帯員のいる世帯を含む）"
"0003067230","母が就業している母子世帯人員（他の世帯員のいる世帯を含む）"
"0003067231","一般世帯数"
"0003067231","一般世帯人員"
"0003067231","就業者"
"0003067231","1世帯当たり人員"
"0003067232","一般世帯数"
"0003067232","一般世帯人員"
"0003067233","15歳以上就業者数"
"0003067234","15歳以上外国人就業者数"
"0003067234","15歳以上総就業者数"
"0003067234","15歳以上日本人就業者数"
"0003067235","15歳以上就業者数"
"0003067236","一般世帯数"
"0003067236","一般世帯人員"
"0003067236","うち住宅に住む一般世帯数"
"0003067236","うち住宅に住む一般世帯人員"
"0003067237","一般世帯数"
"0003067238","一般世帯数"
"0003067239","一般世帯数"
"0003067239","うち住宅に住む一般世帯数"
"0003067240","一般世帯人員"
"0003067240","一般世帯数"
"0003067241","一般世帯人員"
"0003067241","一般世帯数"
"0003067242","一般世帯人員"
"0003067242","一般世帯数"
"0003067243","15歳以上70歳未満日本人女性数"
"0003067244","15歳以上70歳未満日本人女性数"
"0003067245","15歳以上70歳未満日本人女性就業者数"
"0003067246","一般世帯の15歳以上70歳未満日本人女性数"
"0003067247","一般世帯の15歳以上70歳未満日本人女性数"
"0003067248","15歳以上70歳未満日本人既婚女性の20歳以下同居児"
"0003067249","20歳以下同居児数"
"0003067250","20歳以下同居児数"
"0003067251","一般世帯の20歳以下同居児数"
"0003067252","一般世帯の20歳以下同居児数"
"0003067253","人口"
"0003067254","人口"
"0003067255","人口"
"0003070618","一般世帯数"
"0003070618","一般世帯人員"
"0003070620","一般世帯数"
"0003070621","一般世帯数"
"0003070622","一般世帯人員"
"0003070623","一般世帯数"
"0003070623","一般世帯人員"
"0003070624","未婚の親族のいる一般世帯人員"
"0003070625","一般世帯数"
"0003070625","一般世帯人員"
"0003070626","人口"
"0003070627","人口"
"0003070628","一般世帯数"
"0003070629","一般世帯人員"
"0003070630","15歳以上人口"
"0003070631","15歳以上人口"
"0003070632","一般世帯数"
"0003070632","一般世帯人員"
"0003070633","15歳以上就業者数"
"0003072770","15歳以上就業者数"
"0003072771","15歳以上就業者数"
"0003072793","15歳以上就業者数"
"0003072794","15歳以上就業者数"
"0003072815","15歳以上就業者数"
"0003072816","15歳以上就業者数"
"0003072833","15歳以上就業者数"
"0003072834","15歳以上就業者数"
"0003072859","一般世帯数"
"0003072859","一般世帯人員"
"0003078547","15歳以上就業者数"
"0003078548","15歳以上就業者数"
"0003078549","15歳以上就業者数"
"0003078563","15歳以上就業者数"
"0003078564","15歳以上就業者数"
"0003078565","15歳以上就業者数"
"0003078605","15歳以上就業者数"
"0003078606","15歳以上就業者数"
"0003078607","15歳以上就業者数"
"0003078615","15歳以上就業者数"
"0003078616","15歳以上就業者数"
"0003078617","15歳以上就業者数"
"0003085774","15歳以上就業者数"
"0003085775","15歳以上就業者数"
"0003085776","15歳以上就業者数"
"0003085777","15歳以上就業者数"
"0003085792","15歳以上就業者数"
"0003085793","15歳以上就業者数"
"0003085795","15歳以上就業者数"
"0003085796","15歳以上人口"
"0003085811","15歳以上就業者数"
"0003085812","15歳以上就業者数"
"0003085813","15歳以上就業者数"
"0003085814","15歳以上就業者数"
"0003085815","15歳以上人口"
"0003085832","15歳以上就業者数"
"0003085833","15歳以上就業者数"
"0003085834","15歳以上就業者数"
"0003086646","15歳以上就業者数"
"0003086663","15歳以上就業者数"
"0003086668","15歳以上就業者数"
"0003086684","15歳以上就業者数"
"0003086693","15歳以上就業者数"
"0003086701","15歳以上就業者数"
"0003086708","15歳以上就業者数"
"0003086714","15歳以上就業者数"
"0003086757","一般世帯数"
"0003086757","一般世帯人員"
"0003111476","人口"
"0003111487","人口・就業者・通学者"
"0003111505","人口"
"0003114318","自宅外就業者・通学者数"
"0003114318","15歳以上自宅外就業者数"
"0003114318","15歳以上通学者数"
"0003114451","人口"
"0003114451","（再掲）5歳以上人口"
"0003124350","人口"
"0003142014","人口"
"0003142123","15歳以上人口"
"0003142129","15歳以上人口"
"0003142173","人口"
"0003142177","15歳以上人口"
"0003142293","人口"
"0003142294","一般世帯数"
"0003142294","一般世帯人員"
"0003142294","6歳未満世帯員のいる一般世帯数"
"0003142294","6歳未満世帯員のいる一般世帯人員"
"0003142294","6歳未満世帯人員"
"0003142294","18歳未満世帯員のいる一般世帯数"
"0003142294","18歳未満世帯員のいる一般世帯人員"
"0003142294","18歳未満世帯人員"
"0003142294","65歳以上世帯員のいる一般世帯数"
"0003142294","65歳以上世帯員のいる一般世帯人員"
"0003142294","65歳以上世帯人員"
"0003142294","75歳以上世帯員のいる一般世帯数"
"0003142294","75歳以上世帯員のいる一般世帯人員"
"0003142294","75歳以上世帯人員"
"0003142294","85歳以上世帯員のいる一般世帯数"
"0003142294","85歳以上世帯員のいる一般世帯人員"
"0003142294","85歳以上世帯人員"
"0003142295","一般世帯数"
"0003142295","一般世帯人員"
"0003142295","6歳未満世帯員のいる一般世帯数"
"0003142295","6歳未満世帯員のいる一般世帯人員"
"0003142295","6歳未満世帯人員"
"0003142295","18歳未満世帯員のいる一般世帯数"
"0003142295","18歳未満世帯員のいる一般世帯人員"
"0003142295","18歳未満世帯人員"
"0003142295","65歳以上世帯員のいる一般世帯数"
"0003142295","65歳以上世帯員のいる一般世帯人員"
"0003142295","65歳以上世帯人員"
"0003142295","75歳以上世帯員のいる一般世帯数"
"0003142295","75歳以上世帯員のいる一般世帯人員"
"0003142295","75歳以上世帯人員"
"0003142295","85歳以上世帯員のいる一般世帯数"
"0003142295","85歳以上世帯員のいる一般世帯人員"
"0003142295","85歳以上世帯人員"
"0003142393","人口"
"0003142394","人口"
"0003142395","人口"
"0003142396","人口"
"0003142561","夫婦のいる一般世帯数"
"0003142561","夫婦のいる一般世帯人員"
"0003142675","人口"
"0003143126","15歳以上就業者数"
"0003143128","15歳以上就業者数"
"0003143194","15歳以上人口"
"0003143214","15歳以上就業者数"
"0003143216","人口"
"0003143234","世帯人員"
"0003143276","一般世帯数"
"0003143276","一般世帯人員"
"0003143276","1世帯当たり人員"
"0003143279","15歳以上就業者数"
"0003143296","15歳以上就業者数"
"0003143334","15歳以上就業者数"
"0003143336","15歳以上就業者数"
"0003143402","15歳以上就業者数"
"0003143418","15歳以上就業者数"
"0003143457","15歳以上就業者数"
"0003143477","15歳以上就業者数"
"0003143478","一般世帯数"
"0003143478","一般世帯人員"
"0003143478","うち住宅に住む一般世帯数"
"0003143478","うち住宅に住む一般世帯人員"
"0003143518","15歳以上就業者数"
"0003143761","一般世帯数"
"0003143761","うち住宅に住む一般世帯数"
"0003148500","人口"
"0003148500","組替人口（平成22年）"
"0003148500","平成22年～27年の人口増減数"
"0003148500","平成22年～27年の人口増減率"
"0003148500","面積"
"0003148500","人口密度"
"0003148500","世帯数"
"0003148500","組替世帯数（平成22年）"
"0003148500","平成22年～27年の世帯数増減数"
"0003148500","平成22年～27年の世帯数増減率"
"0003148521","人口"
"0003148541","15歳以上人口"
"0003148560","一般世帯数"
"0003148596","人口"
"0003149249","人口"
"0003149261","一般世帯人員"
"0003149280","一般世帯人員"
"0003149300","一般世帯人員"
"0003149340","一般世帯数"
"0003149340","一般世帯人員"
"0003149340","うち6歳未満世帯員のいる一般世帯数"
"0003149340","うち6歳未満世帯員のいる一般世帯人員"
"0003149340","うち6歳未満世帯人員"
"0003149340","うち18歳未満世帯員のいる一般世帯数"
"0003149340","うち18歳未満世帯員のいる一般世帯人員"
"0003149340","うち18歳未満世帯人員"
"0003149403","一般世帯数"
"0003149403","一般世帯人員"
"0003149403","うち6歳未満世帯員のいる一般世帯数"
"0003149403","うち6歳未満世帯員のいる一般世帯人員"
"0003149403","うち6歳未満世帯人員"
"0003149403","うち12歳未満世帯員のいる一般世帯数"
"0003149403","うち12歳未満世帯員のいる一般世帯人員"
"0003149403","うち12歳未満世帯人員"
"0003149403","うち15歳未満世帯員のいる一般世帯数"
"0003149403","うち15歳未満世帯員のいる一般世帯人員"
"0003149403","うち15歳未満世帯人員"
"0003149403","うち18歳未満世帯員のいる一般世帯数"
"0003149403","うち18歳未満世帯員のいる一般世帯人員"
"0003149403","うち18歳未満世帯人員"
"0003149403","うち20歳未満世帯員のいる一般世帯数"
"0003149403","うち20歳未満世帯員のいる一般世帯人員"
"0003149403","うち20歳未満世帯人員"
"0003149403","（再掲）3世代世帯数"
"0003149403","（再掲）3世代世帯人員"
"0003149791","15歳以上人口"
"0003149860","人口"
"0003149861","人口"
"0003149862","人口"
"0003152351","一般世帯数"
"0003152351","一般世帯人員"
"0003152360","一般世帯数"
"0003152360","一般世帯人員"
"0003152380","一般世帯数"
"0003152380","一般世帯人員"
"0003152440","一般世帯人員"
"0003152460","一般世帯人員"
"0003152480","一般世帯人員"
"0003152500","世帯人員"
"0003152520","一般世帯人員"
"0003152521","一般世帯人員"
"0003152802","夫婦数"
"0003152960","一般世帯数"
"0003152960","一般世帯人員"
"0003152960","1世帯当たり人員"
"0003152980","一般世帯数"
"0003152980","一般世帯人員"
"0003152980","1世帯当たり人員"
"0003153182","一般世帯人員"
"0003153202","一般世帯数"
"0003153202","一般世帯人員"
"0003153261","一般世帯数"
"0003153261","一般世帯人員"
"0003153281","一般世帯数"
"0003153281","一般世帯人員"
"0003153461","一般世帯数"
"0003153461","一般世帯人員"
"0003153461","65歳以上世帯人員"
"0003153461","75歳以上世帯員のいる一般世帯数"
"0003153461","75歳以上世帯員のいる一般世帯人員"
"0003153461","75歳以上世帯人員"
"0003153461","85歳以上世帯員のいる一般世帯数"
"0003153461","85歳以上世帯員のいる一般世帯人員"
"0003153461","85歳以上世帯人員"
"0003153500","一般世帯数"
"0003153500","一般世帯人員"
"0003153500","65歳以上世帯人員"
"0003153500","75歳以上世帯員のいる一般世帯数"
"0003153500","75歳以上世帯員のいる一般世帯人員"
"0003153500","75歳以上世帯人員"
"0003153500","85歳以上世帯員のいる一般世帯数"
"0003153500","85歳以上世帯員のいる一般世帯人員"
"0003153500","85歳以上世帯人員"
"0003153661","夫婦のみの世帯数"
"0003153662","夫婦のみの世帯数"
"0003153680","外国人数"
"0003153720","外国人数"
"0003153740","外国人のいる一般世帯数"
"0003153740","外国人のいる一般世帯人員"
"0003153740","外国人人員"
"0003153820","外国人のいる一般世帯数"
"0003153820","外国人のいる一般世帯人員"
"0003153820","1世帯当たり人員"
"0003153900","夫婦数"
"0003154100","一般世帯数"
"0003154100","一般世帯人員"
"0003154100","65歳以上世帯人員"
"0003154120","一般世帯数"
"0003154120","一般世帯人員"
"0003154120","65歳以上世帯人員"
"0003154121","夫婦のみの世帯数"
"0003154280","一般世帯数"
"0003154280","一般世帯人員"
"0003154280","1世帯当たり人員"
"0003154400","一般世帯数"
"0003154400","一般世帯人員"
"0003154400","1世帯当たり人員"
"0003154780","一般世帯人員"
"0003154800","一般世帯数"
"0003154901","一般世帯数"
"0003154901","一般世帯人員"
"0003154921","一般世帯数"
"0003154921","一般世帯人員"
"0003154921","1世帯当たり人員"
"0003154921","うち65歳以上世帯員がいる一般世帯数"
"0003154921","うち65歳以上世帯員がいる一般世帯人員"
"0003154921","うち65歳以上世帯人員"
"0003154921","うち65歳以上世帯員がいる一般世帯の1世帯当たり人員"
"0003154940","一般世帯数"
"0003154940","一般世帯人員"
"0003154940","1世帯当たり人員"
"0003154940","うち65歳以上世帯員がいる一般世帯数"
"0003154940","うち65歳以上世帯員がいる一般世帯人員"
"0003154940","うち65歳以上世帯人員"
"0003154940","うち65歳以上世帯員がいる一般世帯の1世帯当たり人員"
"0003154960","一般世帯数"
"0003154960","一般世帯人員"
"0003154960","65歳以上世帯人員"
"0003155051","一般世帯数"
"0003155051","一般世帯人員"
"0003155051","1世帯当たり人員"
"0003155051","うち65歳以上世帯員がいる一般世帯数"
"0003155051","うち65歳以上世帯員がいる一般世帯人員"
"0003155051","うち65歳以上世帯人員"
"0003155051","うち65歳以上世帯員がいる一般世帯の1世帯当たり人員"
"0003155071","一般世帯数"
"0003155071","一般世帯人員"
"0003155071","1世帯当たり人員"
"0003155071","うち65歳以上世帯員がいる一般世帯数"
"0003155071","うち65歳以上世帯員がいる一般世帯人員"
"0003155071","うち65歳以上世帯人員"
"0003155071","うち65歳以上世帯員がいる一般世帯の1世帯当たり人員"
"0003155091","一般世帯数"
"0003155091","一般世帯人員"
"0003155092","一般世帯数"
"0003155092","一般世帯人員"
"0003155092","1世帯当たり人員"
"0003155109","一般世帯数"
"0003155109","一般世帯人員"
"0003155110","一般世帯数"
"0003155110","一般世帯人員"
"0003155110","1世帯当たり人員"
"0003156580","夫婦のみの世帯数"
"0003160018","人口"
"0003167860","人口"
"0003167880","人口"
"0003167900","人口"
"0003167920","人口"
"0003167940","人口"
"0003167940","5歳以上人口"
"0003168600","人口"
"0003168601","人口"
"0003168620","人口"
"0003168640","人口"
"0003169040","人口"
"0003169040","5歳以上人口"
"0003169060","人口"
"0003169060","5歳以上人口"
"0003169080","人口"
"0003169100","人口"
"0003169580","人口"
"0003169580","5歳以上人口"
"0003169581","人口"
"0003169581","5歳以上人口"
"0003169740","人口"
"0003169760","人口"
"0003169840","人口"
"0003169841","一般世帯人員"
"0003169922","一般世帯人員"
"0003170025","一般世帯数"
"0003170025","一般世帯人員"
"0003170025","5歳以上一般世帯人員"
"0003170026","外国人数"
"0003170047","外国人数"
"0003170048","一般世帯数"
"0003170048","一般世帯人員"
"0003170048","5歳以上一般世帯人員"
"0003170061","外国人数"
"0003170083","一般世帯数"
"0003170083","一般世帯人員"
"0003170083","5歳以上一般世帯人員"
"0003170084","一般世帯数"
"0003170084","一般世帯人員"
"0003170084","5歳以上一般世帯人員"
"0003170085","外国人数"
"0003170100","外国人数"
"0003170120","一般世帯数"
"0003170120","一般世帯人員"
"0003170120","5歳以上一般世帯人員"
"0003170140","一般世帯数"
"0003170140","一般世帯人員"
"0003170140","5歳以上一般世帯人員"
"0003170160","一般世帯数"
"0003170160","一般世帯人員"
"0003170160","5歳以上一般世帯人員"
"0003170161","一般世帯数"
"0003170161","一般世帯人員"
"0003170161","5歳以上一般世帯人員"
"0003170200","施設等の世帯人員"
"0003170220","施設等の世帯人員"
"0003170261","一般世帯人員"
"0003170261","5歳以上一般世帯人員"
"0003170280","一般世帯人員"
"0003170280","5歳以上一般世帯人員"
"0003174584","15歳以上人口"
"0003174621","15歳以上人口"
"0003174622","15歳以上人口"
"0003174863","15歳以上就業者数"
"0003174940","15歳以上就業者数"
"0003174961","15歳以上人口"
"0003174980","15歳以上人口"
"0003175060","15歳以上就業者数"
"0003175081","15歳以上就業者数"
"0003175081","単独世帯の有配偶者及び自衛隊営舎内居住者の単独有配偶者"
"0003175082","15歳以上就業者数"
"0003175083","15歳以上就業者数"
"0003175084","15歳以上就業者数"
"0003175680","15歳以上就業者数"
"0003175700","15歳以上就業者数"
"0003176400","15歳以上就業者数"
"0003176400","単独世帯の有配偶者及び自衛隊営舎内居住者の単独有配偶者"
"0003176401","15歳以上就業者数"
"0003176481","15歳以上就業者数"
"0003176482","15歳以上就業者数"
"0003176500","15歳以上就業者数"
"0003176560","15歳以上一般世帯人員"
"0003176660","15歳以上世帯人員"
"0003176840","15歳以上一般世帯人員"
"0003176884","15歳以上一般世帯人員"
"0003176904","15歳以上一般世帯人員"
"0003176920","夫婦のいる一般世帯数"
"0003176920","夫婦のいる一般世帯人員"
"0003176960","夫婦のいる一般世帯数"
"0003176960","夫婦のいる一般世帯人員"
"0003176980","男親と子供から成る核家族世帯数"
"0003176980","男親と子供から成る核家族世帯人員"
"0003176980","女親と子供から成る核家族世帯数"
"0003176980","女親と子供から成る核家族世帯人員"
"0003177000","夫婦数"
"0003177040","男親と子供から成る核家族世帯数"
"0003177040","男親と子供から成る核家族世帯人員"
"0003177040","女親と子供から成る核家族世帯数"
"0003177040","女親と子供から成る核家族世帯人員"
"0003177060","夫婦数"
"0003177100","夫婦のいる一般世帯数"
"0003177100","夫婦のいる一般世帯人員"
"0003177340","夫婦数"
"0003177341","夫婦数"
"0003177400","一般世帯数"
"0003177420","一般世帯人員"
"0003177781","一般世帯数"
"0003177781","一般世帯人員"
"0003177782","15歳以上外国人就業者数"
"0003177820","一般世帯数"
"0003177820","一般世帯人員"
"0003177840","一般世帯数"
"0003177860","15歳以上外国人就業者数"
"0003177880","15歳以上外国人数"
"0003177881","15歳以上外国人数"
"0003177881","（別掲）15歳以上総人口"
"0003177881","（別掲）15歳以上日本人"
"0003177901","15歳以上外国人数"
"0003177920","子供の数"
"0003177940","子供のいる一般世帯数"
"0003178720","15歳以上就業者数"
"0003178740","15歳以上就業者数"
"0003178821","15歳以上外国人就業者数"
"0003178821","（別掲）15歳以上総就業者数"
"0003178821","（別掲）15歳以上日本人就業者数"
"0003178840","15歳以上外国人就業者数"
"0003178840","（別掲）15歳以上総就業者数"
"0003178840","（別掲）15歳以上日本人就業者数"
"0003179120","15歳以上外国人就業者数"
"0003179140","15歳以上外国人就業者数"
"0003179188","人口"
"0003179241","15歳以上就業者・15歳以上通学者数"
"0003179241","15歳以上就業者数"
"0003179241","15歳以上通学者数"
"0003179241","(別掲)15歳未満通学者を含む通学者"
"0003179242","15歳以上就業者・15歳以上通学者数"
"0003179242","15歳以上就業者数"
"0003179242","15歳以上通学者数"
"0003179242","(別掲)15歳未満通学者を含む通学者"
"0003179283","就業者数"
"0003179284","15歳以上就業者・15歳以上通学者数"
"0003179284","15歳以上就業者数"
"0003179284","15歳以上通学者数"
"0003179284","(別掲)15歳未満通学者を含む通学者"
"0003179285","15歳以上就業者・15歳以上通学者数"
"0003179285","15歳以上就業者数"
"0003179285","15歳以上通学者数"
"0003179285","(別掲)15歳未満通学者を含む通学者"
"0003179301","人口"
"0003179302","15歳以上就業者・15歳以上通学者数"
"0003179302","15歳以上就業者数"
"0003179302","15歳以上通学者数"
"0003179302","(別掲)15歳未満通学者を含む通学者"
"0003179320","15歳以上就業者・15歳以上通学者数"
"0003179320","15歳以上就業者数"
"0003179320","15歳以上通学者数"
"0003179320","(別掲)15歳未満通学者を含む通学者"
"0003179321","15歳以上就業者・15歳以上通学者数"
"0003179321","15歳以上就業者数"
"0003179321","15歳以上通学者数"
"0003179321","(別掲)15歳未満通学者を含む通学者"
"0003179801","15歳以上就業者数"
"0003179860","15歳以上就業者数"
"0003179900","15歳以上就業者数"
"0003179921","15歳以上就業者数"
"0003179922","15歳以上就業者数"
"0003179923","15歳以上就業者数"
"0003180220","15歳以上就業者数"
"0003180221","15歳以上就業者数"
"0003180222","15歳以上就業者数"
"0003180240","15歳以上就業者数"
"0003180241","15歳以上就業者数"
"0003180242","15歳以上就業者数"
"0003183561","15歳以上就業者数"
"0003183561","雇用者（役員を含む）"
"0003183861","15歳以上人口"
"0003183862","15歳以上人口"
"0003183880","15歳以上人口"
"0003183900","15歳以上人口"
"0003184022","15歳以上人口"
"0003184042","15歳以上人口"
"0003184061","15歳以上人口"
"0003184081","15歳以上人口"
"0003184741","15歳以上人口"
"0003184983","15歳以上就業者数"
"0003185021","15歳以上就業者数"
"0003185041","15歳以上就業者数"
"0003185060","15歳以上就業者数"
"0003185081","人口"
"0003185081","15歳以上就業者数"
"0003185081","（再掲）5歳以上人口"
"0003185141","人口"
"0003185141","15歳以上就業者数"
"0003185141","（再掲）5歳以上人口"
"0003185209","人口"
"0003185209","15歳以上就業者数"
"0003185209","（再掲）5歳以上人口"
"0003185242","人口"
"0003185242","15歳以上就業者数"
"0003185242","（再掲）5歳以上人口"
"0003185320","15歳以上就業者数"
"0003185321","15歳以上就業者数"
"0003185340","15歳以上就業者数"
"0003185341","15歳以上就業者数"
"0003185402","15歳以上就業者数"
"0003185420","15歳以上就業者数"
"0003185440","15歳以上就業者数"
"0003185460","15歳以上就業者数"
"0003189281","15歳以上就業者数"
"0003189282","15歳以上就業者数"
"0003189283","15歳以上就業者数"
"0003190083","15歳以上就業者数"
"0003190083","雇用者（役員を含む）"
"0003190122","15歳以上就業者数"
"0003190122","雇用者（役員を含む）"
"0003190140","15歳以上就業者数"
"0003190140","雇用者（役員を含む）"
"0003190582","15歳以上人口"
"0003190600","15歳以上人口"
"0003190620","15歳以上人口"
"0003191991","自宅外就業者・通学者数"
"0003191991","15歳以上自宅外就業者数"
"0003191991","15歳以上通学者数"
"0003192049","自宅外就業者・通学者数"
"0003192049","15歳以上自宅外就業者数"
"0003192049","15歳以上通学者数"
"0003193180","人口"
"0003193201","15歳以上就業者数"
"0003193220","15歳以上就業者数"
"0003193240","夫婦のいる一般世帯数"
"0003193240","夫婦のいる一般世帯人員"
"0003193304","夫婦のいる一般世帯数"
"0003193304","夫婦のいる一般世帯人員"
"0003193341","夫婦のみの世帯数"
"0003193420","世帯数"
"0003193420","世帯人員"
"0003193420","1世帯当たり子供の数"
"0003193440","夫婦のいる一般世帯数"
"0003193440","夫婦のいる一般世帯人員"
"0003193520","世帯数"
"0003193520","世帯人員"
"0003193520","1世帯当たり人員"
"0003193580","世帯数"
"0003193580","世帯人員"
"0003193582","世帯数"
"0003193582","世帯人員"
"0003193602","世帯数"
"0003193602","世帯人員"
"0003193602","１世帯当たり子供の数"
"0003193621","世帯数"
"0003193621","世帯人員"
"0003193621","1世帯当たり人員"
"0003193661","一般世帯数"
"0003193661","一般世帯人員"
"0003193661","就業者"
"0003193661","1世帯当たり人員"
"0003193700","一般世帯数"
"0003193700","一般世帯人員"
"0003193760","世帯数"
"0003193760","世帯人員"
"0003193880","一般世帯数"
"0003193880","一般世帯人員"
"0003193880","うち住宅に住む一般世帯数"
"0003193880","うち住宅に住む一般世帯人員"
"0003193940","一般世帯数"
"0003194025","一般世帯数"
"0003194025","うち住宅に住む一般世帯数"
"0003194080","一般世帯数"
"0003194100","人口"
"0003194581","人口"
"0003194600","人口"
"0003197600","一般世帯数"
"0003197600","一般世帯人員"
"0003197620","人口"
"0003197621","人口"
"0003197640","一般世帯数"
"0003197640","一般世帯人員"
"0003198220","15歳以上70歳未満日本人女性数"
"0003198933","15歳以上70歳未満日本人女性数"
"0003198950","15歳以上70歳未満日本人女性数"
"0003199100","世帯数"
"0003199100","世帯人員"
"0003199141","15歳以上70歳未満日本人既婚女性の20歳以下同居児"
"0003199160","15歳以上70歳未満日本人既婚女性の20歳以下同居児"
"0003199200","世帯数"
"0003199200","世帯人員"
"0003199201","15歳以上70歳未満日本人既婚女性の20歳以下同居児"
"0003199202","15歳以上70歳未満日本人既婚女性の20歳以下同居児"
"0003199560","世帯数"
"0003199560","世帯人員"
"0003199561","世帯数"
"0003199561","世帯人員"
"0003199580","世帯数"
"0003199580","世帯人員"
"0003199747","15歳以上70歳未満日本人女性就業者数"
"0003202982","子供のいる一般世帯数"
"0003202983","一般世帯人員"
"0003203000","子供の数"
"0003203001","一般世帯数"
"0003203002","世帯数"
"0003203002","世帯人員"
"0003203003","一般世帯数"
"0003203004","世帯数"
"0003203004","世帯人員"
"0003203021","一般世帯人員"
"0003203022","１世帯当たり子供の数"
"0003203040","一般世帯数"
"0003203041","一般世帯人員"
"0003203042","１世帯当たり子供の数"
"0003203120","一般世帯数"
"0003203120","一般世帯人員"
"0003203121","一般世帯数"
"0003203121","一般世帯人員"
"0003203162","一般世帯数"
"0003203162","一般世帯人員"
"0003203180","一般世帯数"
"0003203180","一般世帯人員"
"0003209449","15歳以上就業者数"
"0003209543","15歳以上就業者数"
"0003209601","15歳以上就業者及び平均年齢"
"0003209645","15歳以上就業者数"
"0003209680","15歳以上就業者数"
"0003209700","15歳以上就業者数"
"0003209780","15歳以上就業者数"
"0003209800","15歳以上就業者数"
"0003209820","15歳以上就業者数"
"0003209840","15歳以上人口及び平均年齢"
"0003209860","15歳以上人口"
"0003209865","15歳以上就業者数"
"0003209883","15歳以上就業者及び平均年齢"
"0003209884","一般世帯数"
"0003209884","一般世帯人員"
"0003210760","15歳以上就業者数"
"0003210761","15歳以上就業者数"
"0003210780","15歳以上就業者数"
"0003210781","15歳以上就業者数"
"0003210800","15歳以上就業者数"
"0003210820","15歳以上就業者数"
"0003379097","人口"
"0003379097","面積"
"0003379097","人口密度"
"0003379098","人口"
"0003379098","全国に占める割合"
"0003379098","人口の指数"
"0003379581","実数"
"0003379581","率"
"0003380065","面積"
"0003380065","人口密度"
"0003380065","人口密度の指数"
"0003385361","平均年齢"
"0003385361","年齢中位数"
"0003385362","年少人口の割合"
"0003385362","生産年齢人口の割合"
"0003385362","老年人口の割合"
"0003385362","年少人口指数"
"0003385362","老年人口指数"
"0003385362","従属人口指数"
"0003385362","老年化指数"
"0003385912","15歳以上人口"
"0003385912","在学か否かの別・最終卒業学校の種類別割合"
"0003385913","15歳以上人口"
"0003385913","在学か否かの別・最終卒業学校の種類別割合"
"0003385954","労働力人口"
"0003385954","労働力率"
"0003385967","就業者数"
"0003385967","従業上の地位別割合"
"0003385968","就業者数"
"0003385968","従業上の地位別割合"
"0003385969","就業者数"
"0003385969","産業別割合"
"0003385970","就業者数"
"0003385970","産業別割合"
"0003385970","年齢別割合"
"0003386051","就業者数"
"0003386051","産業別割合"
"0003386052","就業者数"
"0003386052","従業上の地位別割合"
"0003386052","産業別割合"
"0003386299","就業者数"
"0003386299","職業別割合"
"0003387711","就業者数"
"0003387711","職業別割合"
"0003387711","年齢別割合"
"0003387757","就業者数"
"0003387757","職業別割合"
"0003387758","就業者数"
"0003387758","従業上の地位別割合"
"0003387758","職業別割合"
"0003388050","就業者数"
"0003388050","産業別割合"
"0003388050","職業別割合"
"0003388162","15歳以上人口"
"0003388162","社会経済分類別割合"
"0003388164","人口"
"0003388164","割合"
"0003388166","人口"
"0003388166","居住期間別割合"
"0003388168","５歳以上人口"
"0003388168","５年前の常住地別割合"
"0003388227","15歳以上人口"
"0003388227","社会経済分類別割合"
"0003388431","就業者数"
"0003388431","従業上の地位別割合"
"0003388619","人口"
"0003388619","従業地・通学地別割合"
"0003388621","就業者数"
"0003388621","割合"
"0003388628","職業（大分類）別15歳以上就業者数"
"0003388628","職業別就業者割合"
"0003389152","常住地による15歳以上自宅外就業者・通学者数"
"0003389152","割合"
"0003389171","常住地による15歳以上自宅外就業者・通学者数"
"0003389171","利用交通手段別割合"
"0003389501","世帯数"
"0003389501","世帯人員"
"0003389501","１世帯当たり人員"
"0003389840","世帯数"
"0003389840","世帯人員"
"0003389840","１世帯当たり人員"
"0003389841","実数"
"0003389841","世帯の家族類型別割合"
"0003389841","１世帯当たり人員"
"0003389843","人口"
"0003389843","市部，郡部別割合"
"0003389855","面積"
"0003389855","市部，郡部別割合"
"0003389855","人口密度"
"0003389857","世帯数"
"0003389857","世帯人員"
"0003389891","一般世帯数"
"0003389891","一般世帯人員"
"0003389891","親族人員"
"0003389891","１世帯当たり親族人員"
"0003389891","（再掲）65歳以上親族のいる一般世帯数"
"0003389911","増減率"
"0003389931","世帯数"
"0003389931","世帯人員"
"0003389931","１世帯当たり人員"
"0003389932","実数"
"0003389932","世帯の経済構成別割合"
"0003389932","１世帯当たり人員"
"0003389933","一般世帯数"
"0003389933","経済構成別割合"
"0003390517","家計の収入の種類別一般世帯数"
"0003390517","家計の収入の種類別割合"
"0003390531","世帯数"
"0003390531","住宅の所有の関係別割合"
"0003390531","世帯人員"
"0003390531","１世帯当たり人員"
"0003390531","１世帯当たり延べ面積"
"0003390531","１人当たり延べ面積"
"0003390532","一般世帯数"
"0003390532","住宅の所有の関係別割合"
"0003390532","１世帯当たり人員"
"0003390532","１世帯当たり延べ面積"
"0003390532","１人当たり延べ面積"
"0003390535","住宅に住む一般世帯数"
"0003390535","延べ面積別割合"
"0003390553","住宅に住む一般世帯数"
"0003390553","住宅に住む一般世帯人員"
"0003390553","住宅の建て方別割合"
"0003390934","外国人数"
"0003390934","年齢・男女別割合"
"0003390953","15歳以上外国人就業者数"
"0003390953","産業別割合"
"0003390954","15歳以上外国人就業者数"
"0003390954","職業別割合"
"0003391003","15歳以上外国人数"
"0003391003","労働力状態別割合"
"0003403679","人口"
"0003403679","前回の調査人口に対する増減（-は減少）実数"
"0003403679","前回の調査人口に対する増減（-は減少）率"
"0003403679","面積"
"0003403679","人口密度"
"0003403683","人口"
"0003403683","市部人口の割合"
"0003404236","市町村数"
"0003404236","人口"
"0003404236","人口の割合"
"0003404240","市町村数"
"0003404240","人口"
"0003404240","人口の割合"
"0003404265","人口集中地区設定市町村数"
"0003404265","人口集中地区数"
"0003404265","人口集中地区人口"
"0003404265","人口の割合"
"0003404306","人口"
"0003404306","年齢，男女別割合"
"0003404306","人口性比"
"0003404318","人口"
"0003404318","人口性比"
"0003404318","年齢，男女別割合"
"0003404323","人口"
"0003404323","人口性比"
"0003404323","年齢，男女別割合"
"0003404331","人口"
"0003404331","年齢，男女別割合"
"0003404331","人口性比"
"0003404332","15歳以上人口"
"0003404332","配偶関係別割合"
"0003404333","15歳以上人口"
"0003404333","配偶関係別割合"
"0003404335","15歳以上人口"
"0003404335","労働力状態別割合"
"0003404353","世帯数"
"0003404353","世帯人員別割合"
"0003404353","世帯人員"
"0003404353","１世帯当たり人員"
"0003404366","一般世帯数"
"0003404366","世帯人員別割合"
"0003404366","１世帯当たり人員"
"0003404368","世帯数"
"0003404368","世帯人員"
"0003404368","総人口に占める割合"
"0003404436","一般世帯数"
"0003404436","高齢単身世帯"
"0003404436","一般世帯に占める割合"
"0003404506","外国人数"
"0003404506","年齢別割合"
"0003404506","人口性比"
"0003404508","実数"
"0003404508","増加率"
"0003404754","人口"
"0003404754","前回の調査人口に対する増減（-は減少）実数"
"0003404754","前回の調査人口に対する増減（-は減少）率"
"0003404754","面積"
"0003404754","人口密度"
"0003404756","人口"
"0003404756","面積"
"0003404756","人口密度"
"0003404795","人口"
"0003404795","市部，郡部別割合"
"0003404863","面積"
"0003404863","市部，郡部別割合"
"0003404863","人口密度"
"0003405054","人口"
"0003405054","人口の割合"
"0003405054","人口の指数"
"0003405071","実数"
"0003405071","率"
"0003405072","面積"
"0003405072","人口密度"
"0003405072","人口密度の指数"
"0003405075","人口"
"0003405075","市部人口の割合"
"0003405250","５歳以上人口"
"0003405288","外国人数"
"0003405306","就業者数"
"0003405306","就業時間別割合"
"0003405393","15歳以上就業者数"
"0003405393","増減数"
"0003405393","増減率"
"0003405415","15歳以上就業者数"
"0003405415","増減数"
"0003405415","増減率"
"0003405527","15歳以上人口"
"0003405528","有業率"
"0003405528","労働力率"
"0003406572","市町村数"
"0003406572","人口"
"0003406572","人口の割合"
"0003406578","市町村数"
"0003406578","人口"
"0003406578","人口の割合"
"0003406776","人口集中地区設定市町村数"
"0003406776","人口集中地区数"
"0003406776","人口集中地区人口"
"0003406776","人口の割合"
"0003406851","実数"
"0003406851","増加率"
"0003406928","人口"
"0003406928","人口性比"
"0003406928","年齢，男女別割合"
"0003406931","人口"
"0003406931","年齢，男女別割合"
"0003406931","人口性比"
"0003406936","人口"
"0003406936","人口性比"
"0003406936","年齢，男女別割合"
"0003407037","平均年齢"
"0003407037","年齢中位数"
"0003407040","15歳未満人口の割合"
"0003407040","15～64歳人口の割合"
"0003407040","65歳以上人口の割合"
"0003407040","年少人口指数"
"0003407040","老年人口指数"
"0003407040","従属人口指数"
"0003407040","老年化指数"
"0003407043","15歳以上人口"
"0003407043","配偶関係別割合"
"0003407047","15歳以上人口"
"0003407047","配偶関係別割合"
"0003407051","人口"
"0003407051","年齢，男女別割合"
"0003407051","人口性比"
"0003407431","15歳以上人口"
"0003407431","労働力状態別割合"
"0003407446","就業者数"
"0003407446","従業上の地位別割合"
"0003407449","就業者数"
"0003407449","従業上の地位別割合"
"0003407450","就業者数"
"0003407450","産業別割合"
"0003407691","労働力人口"
"0003407691","労働力率"
"0003407692","就業者数"
"0003407692","従業上の地位別割合"
"0003407971","就業者数"
"0003407971","産業別割合"
"0003407972","就業者数"
"0003407972","産業別割合"
"0003407972","年齢別割合"
"0003407973","就業者数"
"0003407973","産業別割合"
"0003407973","年齢別割合"
"0003407984","就業者数"
"0003407984","従業上の地位別割合"
"0003407984","産業別割合"
"0003407985","就業者数"
"0003407985","職業別割合"
"0003407985","年齢別割合"
"0003407992","就業者数"
"0003407992","産業別割合"
"0003407998","就業者数"
"0003407998","産業別割合"
"0003407999","就業者数"
"0003407999","従業上の地位別割合"
"0003407999","産業別割合"
"0003408006","15歳以上就業者数"
"0003408006","増減数"
"0003408006","増減率"
"0003408012","15歳以上就業者数"
"0003408012","増減数"
"0003408012","増減率"
"0003408013","就業者数"
"0003408013","職業別割合"
"0003408033","就業者数"
"0003408033","職業別割合"
"0003408083","15歳以上就業者数"
"0003408083","増減数"
"0003408083","増減率"
"0003408084","就業者数"
"0003408084","産業別割合"
"0003408084","職業別割合"
"0003408086","15歳以上人口"
"0003408086","社会経済分類別割合"
"0003408087","就業者数"
"0003408087","割合"
"0003408088","職業（大分類）別15歳以上就業者数"
"0003408088","職業別就業者割合"
"0003408090","実数"
"0003408090","世帯の経済構成別割合"
"0003408090","１世帯当たり人員"
"0003408148","就業者数"
"0003408148","従業上の地位別割合"
"0003408148","職業別割合"
"0003408151","就業者数"
"0003408151","産業別割合"
"0003408151","職業別割合"
"0003408152","就業者数"
"0003408152","就業時間別割合"
"0003408156","15歳以上人口"
"0003408156","社会経済分類別割合"
"0003408172","人口"
"0003408172","従業地・通学地別割合"
"0003408174","就業者数"
"0003408174","割合"
"0003408175","世帯数"
"0003408175","世帯人員"
"0003408175","１世帯当たり人員"
"0003408176","世帯数"
"0003408176","世帯人員"
"0003408176","１世帯当たり人員"
"0003408191","世帯数"
"0003408191","世帯人員別割合"
"0003408191","世帯人員"
"0003408191","１世帯当たり人員"
"0003408192","一般世帯数"
"0003408192","世帯人員別割合"
"0003408192","１世帯当たり人員"
"0003408193","世帯数"
"0003408193","世帯人員"
"0003408193","総人口に占める割合"
"0003408194","実数"
"0003408194","世帯の家族類型別割合"
"0003408194","１世帯当たり人員"
"0003408198","一般世帯数"
"0003408198","一般世帯人員"
"0003408198","親族人員"
"0003408198","１世帯当たり親族人員"
"0003408198","（再掲）65歳以上親族のいる一般世帯数"
"0003408199","世帯数"
"0003408199","世帯人員"
"0003408200","増減率"
"0003408201","世帯数"
"0003408201","世帯人員"
"0003408201","１世帯当たり人員"
"0003408202","一般世帯数"
"0003408202","経済構成別割合"
"0003408203","住宅に住む一般世帯数"
"0003408203","延べ面積別割合"
"0003408211","世帯数"
"0003408211","住宅の所有の関係別割合"
"0003408211","世帯人員"
"0003408211","１世帯当たり人員"
"0003408211","１世帯当たり延べ面積"
"0003408211","１人当たり延べ面積"
"0003408212","15歳以上外国人数"
"0003408212","労働力状態別割合"
"0003408213","15歳以上外国人就業者数"
"0003408213","産業別割合"
"0003408231","一般世帯"
"0003408231","高齢単身世帯"
"0003408231","一般世帯に占める割合"
"0003408236","外国人数"
"0003408236","年齢別割合"
"0003408236","人口性比"
"0003408237","外国人数"
"0003408237","年齢・男女別割合"
"0003408238","外国人数"
"0003408239","15歳以上外国人就業者数"
"0003408239","産業別割合"
"0003408240","15歳以上外国人就業者数"
"0003408240","職業別割合"
"0003408241","15歳以上外国人就業者数"
"0003408241","職業別割合"
"0003408253","15歳以上人口"
"0003408254","有業率"
"0003408254","労働力率"
"0003408255","住宅に住む一般世帯数"
"0003408255","住宅に住む一般世帯人員"
"0003408255","住宅の建て方別割合"
"0003408758","一般世帯数"
"0003408758","住宅の所有の関係別割合"
"0003408758","１世帯当たり人員"
"0003408758","１世帯当たり延べ面積"
"0003408758","１人当たり延べ面積"
"0003409095","15歳以上就業者数"
"0003409095","増減数"
"0003409095","増減率"
"0003410169","人口"
"0003410169","前回の調査人口に対する増減（-は減少）実数"
"0003410169","前回の調査人口に対する増減（-は減少）率"
"0003410169","面積"
"0003410169","人口密度"
"0003410171","人口"
"0003410171","市部，郡部別割合"
"0003410172","面積"
"0003410172","市部，郡部別割合"
"0003410172","人口密度"
"0003410173","人口"
"0003410173","面積"
"0003410173","人口密度"
"0003410174","人口"
"0003410174","人口の割合"
"0003410174","人口の指数"
"0003410211","実数"
"0003410211","率"
"0003410212","面積"
"0003410212","人口密度"
"0003410212","人口密度の指数"
"0003410232","人口"
"0003410232","市部人口の割合"
"0003410232","郡部人口の割合"
"0003410254","市町村数"
"0003410254","人口"
"0003410254","人口の割合"
"0003410258","人口集中地区設定市町村数"
"0003410258","人口集中地区数"
"0003410258","人口集中地区人口"
"0003410258","人口の割合"
"0003410291","市町村数"
"0003410291","人口"
"0003410291","人口の割合"
"0003410374","自宅外就業者・通学者数"
"0003410374","15歳以上自宅外就業者数"
"0003410374","15歳以上通学者数"
"0003410379","人口"
"0003410379","人口性比"
"0003410380","人口"
"0003410380","年齢，男女別割合"
"0003410380","人口性比"
"0003410381","人口"
"0003410381","年齢，男女別割合"
"0003410381","人口性比"
"0003410382","実数"
"0003410382","配偶関係別割合"
"0003410383","実数"
"0003410383","割合"
"0003410394","15歳以上人口"
"0003410394","人口構成比[労働力状態別]"
"0003410395","就業者数"
"0003410395","人口構成比［産業別］"
"0003410396","就業者数"
"0003410396","人口構成比［産業別］"
"0003410397","増減率"
"0003410398","就業者数"
"0003410398","人口構成比［産業別］"
"0003410408","就業者数"
"0003410408","人口構成比［職業別］"
"0003410409","就業者数"
"0003410409","人口構成比［職業別］"
"0003410410","増減率"
"0003410411","就業者数"
"0003410411","人口構成比［職業別］"
"0003410412","就業者数"
"0003410412","人口構成比［職業別］"
"0003410420","世帯数"
"0003410420","世帯人員"
"0003410420","１世帯当たり人員"
"0003410421","世帯数"
"0003410421","世帯人員"
"0003410421","１世帯当たり人員"
"0003410422","世帯数"
"0003410422","世帯人員別割合"
"0003410422","世帯人員"
"0003410422","１世帯当たり人員"
"0003410424","一般世帯数"
"0003410424","一般世帯人員"
"0003410424","親族人員"
"0003410424","１世帯当たり親族人員"
"0003410424","世帯数割合"
"0003410426","一般世帯数"
"0003410426","一般世帯人員"
"0003410426","親族人員"
"0003410427","実数"
"0003410427","割合"
"0003410428","実数"
"0003410429","増減率"
"0003410431","母子世帯数"
"0003410431","父子世帯数"
"0003410439","人口"
"0003410439","年齢，男女別割合"
"0003410439","人口性比"
"0003410454","人口"
"0003410454","年齢，男女別割合"
"0003410454","人口性比"
"0003410685","平均年齢"
"0003410685","年齢中位数"
"0003410686","15歳以上人口"
"0003410686","配偶関係別割合"
"0003410690","15歳以上人口"
"0003410690","在学か否かの別・最終卒業学校の種類別割合"
"0003410692","15歳未満人口"
"0003410692","15～64歳人口"
"0003410692","65歳以上人口"
"0003410692","15歳未満人口の割合"
"0003410692","15～64歳人口の割合"
"0003410692","65歳以上人口の割合"
"0003410692","年少人口指数"
"0003410692","老年人口指数"
"0003410692","従属人口指数"
"0003410692","老年化指数"
"0003410713","15歳以上人口"
"0003410713","配偶関係別割合"
"0003410715","15歳以上人口"
"0003410715","在学か否かの別・最終卒業学校の種類別割合"
"0003410751","労働力人口"
"0003410751","労働力率"
"0003410752","就業者数"
"0003410752","従業上の地位別割合"
"0003410753","就業者数"
"0003410753","従業上の地位別割合"
"0003410771","就業者数"
"0003410771","産業別割合"
"0003410776","就業者数"
"0003410776","産業別割合"
"0003410777","就業者数"
"0003410777","産業別割合"
"0003410781","就業者数"
"0003410781","職業別割合"
"0003410782","就業者数"
"0003410782","職業別割合"
"0003410838","就業者数"
"0003410838","職業別割合"
"0003410840","人口"
"0003410840","割合"
"0003410841","人口"
"0003410841","居住期間別割合"
"0003410842","５歳以上人口"
"0003410842","５年前の常住地別割合"
"0003410872","常住地による15歳以上自宅外就業者・通学者数"
"0003410872","利用交通手段別割合"
"0003410873","世帯数"
"0003410873","世帯人員"
"0003410873","１世帯当たり人員"
"0003410874","世帯数"
"0003410874","世帯人員"
"0003410874","１世帯当たり人員"
"0003410875","一般世帯数"
"0003410875","世帯人員別割合"
"0003410875","世帯人員"
"0003410875","１世帯当たり人員"
"0003410876","一般世帯数"
"0003410876","世帯人員別割合"
"0003410876","１世帯当たり人員"
"0003410877","世帯数"
"0003410877","世帯人員"
"0003410877","総人口に占める割合"
"0003410878","実数"
"0003410878","世帯の家族類型別割合"
"0003410878","１世帯当たり人員"
"0003410891","世帯数"
"0003410891","世帯人員"
"0003410892","増減率"
"0003410893","世帯数"
"0003410893","世帯人員"
"0003410893","１世帯当たり人員"
"0003410894","世帯数"
"0003410894","住宅の所有の関係別割合"
"0003410894","世帯人員"
"0003410894","１世帯当たり人員"
"0003410895","一般世帯数"
"0003410895","住宅の所有の関係別割合"
"0003410895","１世帯当たり人員"
"0003410911","一般世帯"
"0003410911","高齢単身世帯"
"0003410911","一般世帯に占める割合"
"0003410925","外国人数"
"0003410925","年齢・男女別割合"
"0003410926","外国人数"
"0003410941","人口"
"0003410941","年齢，男女別割合"
"0003410941","人口性比"
"0003410942","人口"
"0003410942","年齢，男女別割合"
"0003410942","人口性比"
"0003410946","15歳以上人口"
"0003410947","有業率"
"0003410947","労働力率"
"0003410971","人口"
"0003410971","５年前の常住地別割合"
"0003410998","一般世帯数"
"0003410998","一般世帯人員"
"0003410998","１世帯当たり人員"
"0003410998","（再掲）65歳以上世帯員のいる一般世帯数"
"0003411013","市町村数"
"0003411013","人口"
"0003411013","組替人口（2005年）"
"0003411013","2005年～2010年の人口増減数"
"0003411013","2005年～2010年の人口増減率"
"0003411172","人口"
"0003411172","市部，郡部別割合"
"0003411173","面積"
"0003411173","市部，郡部別割合"
"0003411173","人口密度"
"0003411174","人口"
"0003411174","面積"
"0003411174","人口密度"
"0003411191","人口"
"0003411191","人口の指数"
"0003411193","人口"
"0003411193","市部人口の割合"
"0003411193","郡部人口の割合"
"0003411196","人口集中地区設定市町村数"
"0003411196","人口集中地区数"
"0003411196","人口集中地区人口"
"0003411211","人口増減数"
"0003411211","人口増減率"
"0003411212","面積"
"0003411212","人口密度"
"0003411216","市町村数"
"0003411216","人口"
"0003411217","市町村数"
"0003411217","人口"
"0003411274","人口"
"0003411274","年齢，男女別割合"
"0003411274","人口性比"
"0003411288","人口"
"0003411288","年齢，男女別割合"
"0003411288","人口性比"
"0003411289","人口"
"0003411289","年齢，男女別割合"
"0003411289","人口性比"
"0003411295","平均年齢"
"0003411295","年齢中位数"
"0003411296","15歳未満人口"
"0003411296","15～64歳人口"
"0003411296","65歳以上人口"
"0003411296","15歳未満人口の割合"
"0003411296","15～64歳人口の割合"
"0003411296","65歳以上人口の割合"
"0003411296","年少人口指数"
"0003411296","老年人口指数"
"0003411296","従属人口指数"
"0003411296","老年化指数"
"0003411298","15歳以上人口"
"0003411298","配偶関係別割合"
"0003411299","15歳以上人口"
"0003411299","配偶関係別割合"
"0003411333","15歳以上人口"
"0003411334","有業率"
"0003411334","労働力率"
"0003411341","就業者数"
"0003411341","産業別割合"
"0003411342","就業者数"
"0003411342","産業別割合"
"0003411345","就業者数"
"0003411345","職業別割合"
"0003411346","就業者数"
"0003411346","職業別割合"
"0003411373","労働力人口"
"0003411373","労働力率"
"0003411419","就業者数"
"0003411419","従業上の地位別割合"
"0003411420","就業者数"
"0003411420","従業上の地位別割合"
"0003411533","就業者数"
"0003411533","産業別割合"
"0003411552","就業者数"
"0003411552","職業別割合"
"0003411566","人口"
"0003411566","割合"
"0003411574","人口"
"0003411574","居住期間別割合"
"0003411594","人口"
"0003411647","世帯数"
"0003411647","世帯人員"
"0003411647","１世帯当たり人員"
"0003411648","世帯数"
"0003411648","世帯人員"
"0003411648","１世帯当たり人員"
"0003411718","一般世帯数"
"0003411718","世帯人員別割合"
"0003411718","世帯人員"
"0003411718","１世帯当たり人員"
"0003411719","一般世帯数"
"0003411719","世帯人員別割合"
"0003411719","１世帯当たり人員"
"0003411761","実数"
"0003411761","世帯の家族類型別割合"
"0003411761","１世帯当たり人員"
"0003411762","実数"
"0003411762","世帯の家族類型別割合"
"0003411762","１世帯当たり人員"
"0003411789","世帯数"
"0003411789","世帯人員"
"0003411789","総人口に占める割合"
"0003411860","一般世帯数"
"0003411860","一般世帯人員"
"0003411860","１世帯当たり人員"
"0003411860","（再掲）65歳以上世帯員のいる一般世帯数"
"0003411889","世帯数"
"0003411889","世帯人員"
"0003411890","増減率"
"0003411891","世帯数"
"0003411891","世帯人員"
"0003411891","１世帯当たり人員"
"0003411927","世帯数"
"0003411927","住宅の所有の関係別割合"
"0003411927","世帯人員"
"0003411927","１世帯当たり人員"
"0003411993","一般世帯"
"0003411993","うち65歳以上単独世帯"
"0003411993","一般世帯に占める割合"
"0003412083","外国人数"
"0003412083","年齢・男女別割合"
"0003412084","外国人数"
"0003412087","15歳以上外国人数"
"0003412171","人口"
"0003412172","人口"
"0003412175","15歳以上人口"
"0003412175","労働力率"
"0003412176","15歳以上人口"
"0003412176","労働力率"
"0003412177","就業者数"
"0003412178","就業者数"
"0003412179","就業者数"
"0003412180","就業者数"
"0003412181","就業者数"
"0003412182","就業者数"
"0003412184","就業者数"
"0003412185","就業者数"
"0003412186","就業者数"
"0003412187","就業者数"
"0003412188","就業者数"
"0003412189","就業者数"
"0003412191","一般世帯数"
"0003412192","人口"
"0003412193","人口"
"0003412194","人口"
"0003412195","人口"
"0003412196","人口"
"0003412197","人口"
"0003412413","人口"
"0003412413","割合"
"0003412414","人口"
"0003412414","割合"
"0003412415","人口"
"0003412415","割合"
"0003412416","人口"
"0003412416","割合"
"0003412417","人口"
"0003412417","割合"
"0003412418","人口"
"0003412418","割合"
"0003412419","人口"
"0003412419","割合"
"0003412420","人口"
"0003412420","割合"
"0003412455","就業者数"
"0003412456","就業者数"
"0003413757","人口集中地区人口"
"0003413757","人口集中地区人口の増減数"
"0003413757","人口集中地区人口の増減率"
"0003413757","人口集中地区面積"
"0003413757","人口集中地区面積の増減数"
"0003413757","人口集中地区面積の増減率"
"0003413757","人口集中地区人口密度"
"0003413757","全域に占める人口集中地区の割合（人口）"
"0003413757","全域に占める人口集中地区の割合（面積）"
"0003413757","人口集中地区以外の地区の人口"
"0003413757","人口集中地区以外の地区の人口の増減数"
"0003413757","人口集中地区以外の地区の人口の増減率"
"0003413757","人口集中地区以外の地区の面積"
"0003413757","人口集中地区以外の地区の面積の増減数"
"0003413757","人口集中地区以外の地区の面積の増減率"
"0003413757","人口集中地区以外の地区の人口密度"
"0003413757","全域に占める人口集中地区以外の地区の割合（人口）"
"0003413757","全域に占める人口集中地区以外の地区の割合（面積）"
"0003413758","人口集中地区人口"
"0003413758","人口集中地区人口の増減数"
"0003413758","人口集中地区人口の増減率"
"0003413758","人口集中地区面積"
"0003413758","人口集中地区面積の増減数"
"0003413758","人口集中地区面積の増減率"
"0003413758","人口集中地区人口密度"
"0003413758","全域に占める人口集中地区の割合（人口）"
"0003413758","全域に占める人口集中地区の割合（面積）"
"0003413758","人口集中地区以外の地区の人口"
"0003413758","人口集中地区以外の地区の人口の増減数"
"0003413758","人口集中地区以外の地区の人口の増減率"
"0003413758","人口集中地区以外の地区の面積"
"0003413758","人口集中地区以外の地区の面積の増減数"
"0003413758","人口集中地区以外の地区の面積の増減率"
"0003413758","人口集中地区以外の地区の人口密度"
"0003413758","全域に占める人口集中地区以外の地区の割合（人口）"
"0003413758","全域に占める人口集中地区以外の地区の割合（面積）"
"0003413786","人口集中地区人口"
"0003413786","人口集中地区人口の増減数"
"0003413786","人口集中地区人口の増減率"
"0003413786","人口集中地区面積"
"0003413786","人口集中地区面積の増減数"
"0003413786","人口集中地区面積の増減率"
"0003413786","人口集中地区人口密度"
"0003413786","全域に占める人口集中地区の割合（人口）"
"0003413786","全域に占める人口集中地区の割合（面積）"
"0003413786","人口集中地区以外の地区の人口"
"0003413786","人口集中地区以外の地区の人口の増減数"
"0003413786","人口集中地区以外の地区の人口の増減率"
"0003413786","人口集中地区以外の地区の面積"
"0003413786","人口集中地区以外の地区の面積の増減数"
"0003413786","人口集中地区以外の地区の面積の増減率"
"0003413786","人口集中地区以外の地区の人口密度"
"0003413786","全域に占める人口集中地区以外の地区の割合（人口）"
"0003413786","全域に占める人口集中地区以外の地区の割合（面積）"
"0003413865","人口"
"0003413865","人口性比"
"0003413947","人口"
"0003413947","人口性比"
"0003413948","人口"
"0003413948","人口性比"
"0003413949","人口"
"0003413949","人口性比"
"0003414173","実数"
"0003414173","世帯の家族類型別割合"
"0003414173","１世帯当たり人員"
"0003414174","外国人数"
"0003414175","一般世帯数"
"0003414175","住宅の所有の関係別割合"
"0003414213","外国人数"
"0003414233","人口"
"0003414234","人口"
"0003414255","一般世帯数"
"0003414255","一般世帯人員"
"0003414255","１世帯当たり人員"
"0003414255","世帯数割合"
"0003414256","一般世帯数"
"0003414256","一般世帯人員"
"0003433219","人口"
"0003433220","2015年（平成27年）の人口（組替）"
"0003433220","世帯数"
"0003433220","2015年（平成27年）の世帯数（組替）"
"0003433220","5年間の人口増減数"
"0003433220","5年間の人口増減率"
"0003433220","5年間の世帯増減数"
"0003433220","5年間の世帯増減率"
"0003433220","人口性比"
"0003433220","面積（参考）"
"0003433220","人口密度"
"0003445078","人口"
"0003445079","人口"
"0003445080","一般世帯数"
"0003445081","一般世帯数"
"0003445082","一般世帯人員"
"0003445083","一般世帯人員"
"0003445084","一般世帯人員"
"0003445085","一般世帯数"
"0003445086","一般世帯数"
"0003445087","一般世帯人員"
"0003445088","子供（未婚の親族）のいる一般世帯数"
"0003445089","夫婦数"
"0003445090","一般世帯人員"
"0003445091","一般世帯人員"
"0003445092","一般世帯人員"
"0003445093","一般世帯人員"
"0003445094","一般世帯人員"
"0003445095","一般世帯人員"
"0003445096","平均年齢"
"0003445096","年齢中位数"
"0003445097","人口"
"0003445098","世帯数"
"0003445098","世帯人員"
"0003445099","2015年（平成27年）の人口（組替）"
"0003445099","2015年（平成27年）の世帯数（組替）"
"0003445099","5年間の人口増減数"
"0003445099","5年間の人口増減率"
"0003445099","5年間の世帯増減数"
"0003445099","5年間の世帯増減率"
"0003445099","人口性比"
"0003445099","面積（参考）"
"0003445099","人口密度"
"0003445100","世帯数"
"0003445100","世帯人員"
"0003445101","2015年（平成27年）の人口（組替）"
"0003445101","2015年（平成27年）の世帯数（組替）"
"0003445101","5年間の人口増減数"
"0003445101","5年間の人口増減率"
"0003445101","5年間の世帯増減数"
"0003445101","5年間の世帯増減率"
"0003445101","人口性比"
"0003445101","面積（参考）"
"0003445101","人口密度"
"0003445102","一般世帯数"
"0003445103","一般世帯人員"
"0003445104","一般世帯人員"
"0003445105","一般世帯数"
"0003445106","一般世帯人員"
"0003445107","一般世帯人員"
"0003445108","一般世帯人員"
"0003445109","一般世帯数"
"0003445110","一般世帯数"
"0003445111","一般世帯人員"
"0003445112","一般世帯人員"
"0003445113","一般世帯人員"
"0003445114","一般世帯数"
"0003445115","一般世帯人員"
"0003445116","一般世帯数"
"0003445117","子供（未婚の親族）の数"
"0003445118","子供（未婚の親族）の数"
"0003445119","子供（未婚の親族）のいる一般世帯数"
"0003445120","夫婦数"
"0003445121","一般世帯数"
"0003445122","一般世帯の1世帯当たり人員"
"0003445123","一般世帯数"
"0003445124","一般世帯の1世帯当たり人員"
"0003445125","一般世帯数"
"0003445126","一般世帯の1世帯当たり人員"
"0003445127","一般世帯数"
"0003445128","一般世帯の1世帯当たり人員"
"0003445129","一般世帯数"
"0003445130","一般世帯の1世帯当たり人員"
"0003445131","一般世帯数"
"0003445132","一般世帯の1世帯当たり人員"
"0003445133","人口"
"0003445134","人口"
"0003445135","平均年齢"
"0003445135","年齢中位数"
"0003445136","人口構成比［年齢別］"
"0003445137","平均年齢"
"0003445137","年齢中位数"
"0003445138","人口"
"0003445139","人口"
"0003445140","平均年齢"
"0003445140","年齢中位数"
"0003445141","人口"
"0003445142","一般世帯数"
"0003445143","一般世帯数"
"0003445144","一般世帯人員"
"0003445145","一般世帯数"
"0003445146","一般世帯人員"
"0003445147","一般世帯人員"
"0003445148","一般世帯人員"
"0003445149","一般世帯人員"
"0003445150","85歳以上一般世帯人員"
"0003445151","65歳以上一般世帯人員"
"0003445152","65歳以上一般世帯人員"
"0003445153","一般世帯人員"
"0003445154","人口"
"0003445155","一般世帯数"
"0003445156","一般世帯数"
"0003445157","一般世帯数"
"0003445158","人口構成比［年齢別］"
"0003445159","平均年齢"
"0003445159","年齢中位数"
"0003445160","平均年齢"
"0003445160","年齢中位数"
"0003445161","人口"
"0003445162","人口"
"0003445163","人口構成比［年齢別］"
"0003445164","平均年齢"
"0003445164","年齢中位数"
"0003445165","人口構成比［年齢別］"
"0003445166","平均年齢"
"0003445166","年齢中位数"
"0003445167","一般世帯人員"
"0003445167","一般世帯の1世帯当たり人員"
"0003445168","一般世帯人員"
"0003445169","一般世帯数"
"0003445170","一般世帯人員"
"0003445171","一般世帯人員"
"0003445172","一般世帯数"
"0003445173","一般世帯数"
"0003445173","一般世帯人員"
"0003445173","65歳以上一般世帯人員"
"0003445174","一般世帯数"
"0003445175","65歳以上一般世帯人員"
"0003445176","一般世帯数"
"0003445177","65歳以上一般世帯人員"
"0003445178","一般世帯数"
"0003445179","65歳以上一般世帯人員"
"0003445180","75歳以上一般世帯人員"
"0003445181","一般世帯数"
"0003445182","一般世帯人員"
"0003445183","一般世帯数"
"0003445184","一般世帯人員"
"0003445185","一般世帯の1世帯当たり人員"
"0003445186","一般世帯数"
"0003445187","65歳以上一般世帯人員"
"0003445188","一般世帯の1世帯当たり人員"
"0003445189","人口"
"0003445190","人口"
"0003445191","一般世帯人員"
"0003445192","一般世帯の1世帯当たり人員"
"0003445193","一般世帯人員"
"0003445194","一般世帯の1世帯当たり人員"
"0003445195","一般世帯人員"
"0003445196","65歳以上一般世帯人員"
"0003445197","一般世帯数"
"0003445198","一般世帯の1世帯当たり人員"
"0003445199","65歳以上一般世帯人員"
"0003445200","夫婦のみの世帯数"
"0003445201","一般世帯数"
"0003445202","一般世帯人員"
"0003445203","一般世帯人員"
"0003445204","一般世帯数"
"0003445205","一般世帯人員"
"0003445206","一般世帯人員"
"0003445207","平均年齢"
"0003445208","平均年齢"
"0003445209","平均年齢"
"0003445210","一般世帯人員"
"0003445211","一般世帯数"
"0003445212","一般世帯数"
"0003445213","一般世帯数"
"0003445214","一般世帯数"
"0003445215","夫婦数"
"0003445216","世帯人員"
"0003445217","人口"
"0003445218","一般世帯人員"
"0003445219","一般世帯の1世帯当たり人員"
"0003445220","夫婦のみの世帯数"
"0003445221","夫婦のみの世帯数"
"0003445222","夫婦のみの世帯数"
"0003445223","一般世帯人員"
"0003445224","一般世帯数"
"0003445225","1世帯当たり子供の数"
"0003445226","一般世帯数"
"0003445227","1世帯当たり子供の数"
"0003445228","一般世帯数"
"0003445228","一般世帯人員"
"0003445228","一般世帯の1世帯当たり人員"
"0003445229","一般世帯人員"
"0003445230","一般世帯数"
"0003445231","1世帯当たり子供の数"
"0003445232","一般世帯数"
"0003445233","1世帯当たり子供の数"
"0003445234","人口"
"0003445235","人口構成比［配偶関係別］"
"0003445236","人口"
"0003445237","人口構成比［配偶関係別］"
"0003445238","人口"
"0003445239","人口構成比［配偶関係別］"
"0003445240","一般世帯数"
"0003445240","一般世帯人員"
"0003445240","一般世帯の1世帯当たり人員"
"0003445241","一般世帯数"
"0003445242","一般世帯人員"
"0003445243","一般世帯人員"
"0003445244","人口"
"0003445245","人口"
"0003445246","人口"
"0003445247","平均年齢"
"0003445247","年齢中位数"
"0003445248","人口構成比［年齢別］"
"0003445249","人口"
"0003445250","一般世帯人員"
"0003445251","外国人人員"
"0003445252","一般世帯人員"
"0003445253","一般世帯の1世帯当たり人員"
"0003445254","一般世帯人員"
"0003445255","一般世帯の1世帯当たり人員"
"0003445256","平均年齢"
"0003445257","人口"
"0003445258","世帯数"
"0003445259","世帯人員"
"0003445260","会社などの独身寮の単身者数"
"0003445260","間借り・下宿などの単身者数"
"0003445260","一般世帯人員"
"0003445260","一般世帯の1世帯当たり人員"
"0003445261","世帯人員"
"0003445262","一般世帯数"
"0003445263","世帯人員"
"0003445264","一般世帯人員"
"0003445265","3世代世帯数"
"0003445266","一般世帯人員"
"0003445267","一般世帯人員"
"0003445268","一般世帯数"
"0003445269","一般世帯人員"
"0003445270","3世代世帯人員"
"0003445278","一般世帯数"
"0003445279","世帯数"
"0003445280","会社などの独身寮の単身者数"
"0003445280","間借り・下宿などの単身者数"
"0003445280","一般世帯人員"
"0003445280","一般世帯の1世帯当たり人員"
"0003445281","世帯人員"
"0003445282","一般世帯数"
"0003445283","一般世帯人員"
"0003445284","一般世帯数"
"0003445285","3世代世帯人員"
"0003445286","3世代世帯数"
"0003445287","一般世帯人員"
"0003447398","人口"
"0003447399","一般世帯人員"
"0003447400","一般世帯数"
"0003447401","一般世帯数"
"0003447402","一般世帯人員"
"0003447403","5歳以上一般世帯人員"
"0003447404","一般世帯数"
"0003447405","一般世帯人員"
"0003447406","5歳以上一般世帯人員"
"0003447407","一般世帯数"
"0003447408","一般世帯人員"
"0003447409","5歳以上一般世帯人員"
"0003447410","一般世帯人員"
"0003447411","一般世帯人員"
"0003447412","世帯人員"
"0003447413","人口"
"0003447414","一般世帯数"
"0003447415","一般世帯人員"
"0003447416","一般世帯数"
"0003447417","一般世帯人員"
"0003447418","人口"
"0003447419","人口"
"0003447420","人口"
"0003447421","人口"
"0003447422","人口"
"0003447423","人口"
"0003447424","人口"
"0003447425","人口"
"0003447426","人口"
"0003447427","人口"
"0003447428","人口"
"0003447429","人口"
"0003447430","人口"
"0003448299","人口"
"0003448299","割合"
"0003448300","人口"
"0003448300","割合"
"0003448301","人口"
"0003448301","割合"
"0003450538","人口"
"0003450539","労働力率"
"0003450540","人口"
"0003450541","労働力率"
"0003450542","就業者数"
"0003450543","人口"
"0003450544","人口"
"0003450545","人口"
"0003450546","人口"
"0003450547","就業者数"
"0003450548","世帯人員"
"0003450549","一般世帯人員"
"0003450550","一般世帯数"
"0003450551","一般世帯数"
"0003450552","一般世帯人員"
"0003450553","一般世帯数"
"0003450554","一般世帯数"
"0003450555","一般世帯人員"
"0003450556","一般世帯数"
"0003450557","一般世帯数"
"0003450558","人口"
"0003450559","労働力率"
"0003450560","就業者数"
"0003450561","役員を含む雇用者数"
"0003450562","人口"
"0003450563","役員を含む雇用者数"
"0003450564","人口"
"0003450565","一般世帯人員"
"0003450566","人口"
"0003450567","一般世帯人員"
"0003450568","一般世帯人員"
"0003450569","一般世帯人員"
"0003450570","一般世帯数"
"0003450571","一般世帯人員"
"0003450572","一般世帯人員"
"0003450573","一般世帯数"
"0003450574","一般世帯数"
"0003450575","一般世帯人員"
"0003450576","夫婦数"
"0003450577","夫婦数"
"0003450578","労働力率"
"0003450579","人口"
"0003450580","役員を含む雇用者数"
"0003450581","人口"
"0003450582","役員を含む雇用者数"
"0003450583","就業者数"
"0003450584","人口"
"0003450585","世帯人員"
"0003450586","人口"
"0003450587","一般世帯人員"
"0003450588","一般世帯数"
"0003450589","一般世帯人員"
"0003450590","一般世帯数"
"0003450591","一般世帯人員"
"0003450592","一般世帯人員"
"0003450593","一般世帯数"
"0003450594","一般世帯人員"
"0003450595","一般世帯人員"
"0003450596","子供（未婚の親族）の数"
"0003450597","夫婦数"
"0003450598","子供（未婚の親族）のいる一般世帯数"
"0003450599","夫婦数"
"0003450600","夫婦数"
"0003450601","夫婦数"
"0003450602","夫婦数"
"0003450603","一般世帯数"
"0003450604","一般世帯人員"
"0003450605","一般世帯数"
"0003450606","一般世帯人員"
"0003450607","一般世帯数"
"0003450608","一般世帯人員"
"0003450609","人口"
"0003450610","就業者数"
"0003450611","人口"
"0003450612","20歳以下同居児数"
"0003450613","20歳以下同居児数"
"0003450614","20歳以下同居児数"
"0003450615","20歳以下同居児数"
"0003450616","人口"
"0003450617","平均年齢"
"0003450618","夫婦数"
"0003450619","夫婦数"
"0003450620","就業者数"
"0003450621","一般世帯人員"
"0003450622","一般世帯数"
"0003450623","一般世帯数"
"0003450624","一般世帯人員"
"0003450625","一般世帯数"
"0003450626","人口"
"0003450627","人口"
"0003450628","人口"
"0003450629","20歳以下世帯人員"
"0003450630","20歳以下同居児数"
"0003450631","20歳以下同居児数"
"0003450632","20歳以下同居児数"
"0003450633","人口"
"0003450634","就業者数"
"0003450635","平均年齢"
"0003450636","人口"
"0003450637","一般世帯数"
"0003450638","夫婦数"
"0003450639","就業者数"
"0003450640","一般世帯数"
"0003450641","一般世帯人員"
"0003450642","一般世帯人員"
"0003450643","一般世帯数"
"0003450644","一般世帯人員"
"0003450645","人口"
"0003450646","人口"
"0003450647","人口"
"0003450648","人口"
"0003450649","人口"
"0003450650","20歳以下同居児数"
"0003450651","20歳以下同居児数"
"0003450652","20歳以下同居児数"
"0003450653","人口"
"0003450654","人口"
"0003450655","就業者数"
"0003450656","就業者数"
"0003450657","夫婦のみの世帯数"
"0003450658","就業者数"
"0003450659","夫婦のみの世帯数"
"0003450660","一般世帯人員"
"0003450661","一般世帯数"
"0003450662","一般世帯人員"
"0003450663","人口"
"0003450664","人口"
"0003450665","一般世帯数"
"0003450666","一般世帯人員"
"0003450667","一般世帯数"
"0003450668","人口"
"0003450669","役員を含む雇用者数"
"0003450670","役員を含む雇用者数"
"0003450671","就業者数"
"0003450672","就業者数"
"0003450673","就業者数"
"0003450674","人口"
"0003450675","就業者数"
"0003450676","平均年齢"
"0003450677","就業者数"
"0003450678","就業者数"
"0003450679","一般世帯人員"
"0003450680","人口"
"0003450681","人口"
"0003450682","一般世帯人員"
"0003450683","人口"
"0003450684","就業者数"
"0003450685","平均年齢"
"0003450686","平均年齢"
"0003450687","就業者数"
"0003450688","就業者数"
"0003450689","人口"
"0003450690","平均年齢"
"0003450691","就業者数"
"0003450692","平均年齢"
"0003450693","就業者数"
"0003450694","平均年齢"
"0003450698","一般世帯の1世帯当たり人員"
"0003450699","一般世帯数"
"0003450700","世帯数"
"0003450700","世帯人員"
"0003450701","世帯数"
"0003450701","世帯人員"
"0003450702","一般世帯数"
"0003450703","人口"
"0003450704","平均年齢"
"0003450705","就業者数"
"0003450706","平均年齢"
"0003450707","人口構成比［産業別］"
"0003450708","就業者数"
"0003450709","就業者数"
"0003450710","就業者数"
"0003450711","就業者数"
"0003450712","役員を含む雇用者数"
"0003450713","平均年齢"
"0003450714","人口構成比［職業別］"
"0003450718","平均年齢"
"0003450719","役員を含む雇用者数"
"0003454498","人口"
"0003454499","昼夜間人口比率"
"0003454500","就業者数"
"0003454501","通学者数"
"0003454502","就業者数"
"0003454503","就業者数"
"0003454504","役員を含む雇用者数"
"0003454505","就業者数"
"0003454506","就業者数"
"0003454507","就業者数"
"0003454508","就業者数"
"0003454509","役員を含む雇用者数"
"0003454510","就業者数"
"0003454511","役員を含む雇用者数"
"0003454512","通勤者・通学者数"
"0003454513","通勤者・通学者数"
"0003454514","通勤者・通学者数"
"0003454515","通勤者・通学者数"
"0003454516","就業者数"
"0003454517","通勤者・通学者数"
"0003454518","通勤者・通学者数"
"0003454519","通勤者・通学者数"
"0003454520","一般世帯数"
"0003454521","一般世帯人員"
"0003454522","一般世帯数"
"0003454523","一般世帯数"
"0003454524","就業者・通学者数"
"0003454525","就業者・通学者数"
"0003454526","通勤者・通学者数"
"0003454527","通勤者・通学者数"
"0003454528","通勤者数"
"0003454529","通学者数"
"0003454530","就業者数"
"0003454531","就業者数"
"0003454532","就業者数"
"0003458338","人口"
"0003458339","就業者数"
"0003458340","就業者数"
"0003458341","就業者数"
"0003458342","一般世帯数"
"0003458343","一般世帯人員"
"0003458344","就業者数"
"0003458345","一般世帯数"
"0003458346","一般世帯人員"
"0003458347","人口"
"0003458348","人口"
"0003458349","人口"
"0003458350","人口"
"0003458351","人口"
"0003458352","人口"
"0003458353","人口"
"0003458354","就業者数"
"0003458355","就業者数"
"0003458356","就業者数"
"0003458357","就業者数"
"0003463952","人口"
"0003463953","世帯数"
"0003463953","世帯人員"
"0003463954","2015年（平成27年）の人口（組替）"
"0003463954","2015年（平成27年）の世帯数（組替）"
"0003463954","5年間の人口増減数"
"0003463954","5年間の人口増減率"
"0003463954","5年間の世帯増減数"
"0003463954","5年間の世帯増減率"
"0003463954","人口性比"
"0003463954","面積（参考）"
"0003463954","人口密度"
"0003463955","人口"
"0003463956","世帯数"
"0003463956","世帯人員"
"0003463957","2015年（平成27年）の人口（組替）"
"0003463957","2015年（平成27年）の世帯数（組替）"
"0003463957","5年間の人口増減数"
"0003463957","5年間の人口増減率"
"0003463957","5年間の世帯増減数"
"0003463957","5年間の世帯増減率"
"0003463957","人口性比"
"0003463957","面積（参考）"
"0003463957","人口密度"
"0003463998","一般世帯数"
"0003463999","一般世帯人員"
"0003464000","一般世帯の1世帯当たり人員"
"0003464001","一般世帯数"
"0003464002","一般世帯人員"
"0003464003","一般世帯の1世帯当たり人員"
"0003464004","人口"
"0003464005","平均年齢"
"0003464005","年齢中位数"
"0003464006","人口"
"0003464007","人口構成比［年齢別］"
"0003464008","平均年齢"
"0003464008","年齢中位数"
"0003464009","人口"
"0003464010","人口構成比［年齢別］"
"0003464011","平均年齢"
"0003464011","年齢中位数"
"0003464012","人口"
"0003464013","平均年齢"
"0003464013","年齢中位数"
"0003464066","人口"
"0003464067","人口"
"0003464068","就業者数"
"0003464069","就業者数"
"0003464070","就業者数"
"0003464071","就業者数"
"0003464346","就業者数"
"0003464347","役員を含む雇用者数"
"0003464348","就業者数"
"0003464349","就業者数"
"0003464350","役員を含む雇用者数"
"0003464351","雇用者数"
"0003464352","就業者数"
"0003464353","役員を含む雇用者数"
"0003464354","就業者数"
"0003464355","役員を含む雇用者数"
"0003464356","就業者数"
"0003464357","役員を含む雇用者数"
"0003464358","就業者数"
"0003464359","役員を含む雇用者数"
"0003464360","人口"
"0003464361","平均年齢"
"0003464362","人口"
"0003464363","一般世帯数"
"0003464364","世帯主の平均年齢"
"0003464365","一般世帯人員"
"0003464366","就業者数"
"0003464367","役員を含む雇用者数"
"0003464368","就業者数"
"0003464369","役員を含む雇用者数"
"0003464370","就業者数"
"0003464371","就業者数"
"0003464372","就業者数"
"0003464373","役員を含む雇用者数"
"0003464374","就業者数"
"0003464375","役員を含む雇用者数"
"0003464376","就業者数"
"0003464377","就業者数"
"0003464378","役員を含む雇用者数"
"0003464379","就業者数"
"0003464380","単独世帯の有配偶就業者及び自衛隊営舎内居住の単独有配偶就業者数"
"0003464380","平均年齢"
"0003464381","役員を含む雇用者数"
"0003464382","単独世帯の有配偶就業者及び自衛隊営舎内居住の単独有配偶就業者数"
"0003464382","平均年齢"
"0003464383","就業者数"
"0003464384","就業者数"
"0003464385","役員を含む雇用者数"
"0003464386","就業者数"
"0003464387","就業者数"
"0003464388","役員を含む雇用者数"
"0003464389","就業者数"
"0003464390","単独世帯の有配偶就業者及び自衛隊営舎内居住の単独有配偶就業者数"
"0003464390","平均年齢"
"0003464391","役員を含む雇用者数"
"0003464392","単独世帯の有配偶就業者及び自衛隊営舎内居住の単独有配偶就業者数"
"0003464392","平均年齢"
"0004003060","人口"
"0004003061","人口"
"0004003062","人口"
"0004003080","就業者数"
"0004003081","就業者数"
"0004008860","就業者数"
"0004008860","人口構成比［産業別］"
"0004008861","就業者数"
"0004008861","人口構成比［産業別］"
